,Facility,Description,Result,Minutes_elapsed,Time_stamp
0,Abuelita's Studio,Cat,0,7,2019-01-22 19:50:02
1,Room,Chupacabra,8,39,2019-01-22 19:50:02
2,Closet,Dog,8,34,2019-01-22 19:50:02
3,Patio,Cat,8,17,2019-01-22 19:50:02
4,Room,Weasle,8,13,2019-01-22 19:50:02
5,Closet,Mariposa,0,26,2019-01-22 19:50:02
6,Closet,Dog,0,39,2019-01-22 19:50:02
7,Abuelita's Studio,Mariposa,8,49,2019-01-22 19:50:02
8,Room,Dog,8,31,2019-01-22 19:50:02
9,Closet,Rana,0,49,2019-01-22 19:50:02
10,Shower,Pig,8,64,2019-01-22 19:50:02
11,Shower,Mule,0,93,2019-01-22 19:50:02
12,Closet,Weasle,8,55,2019-01-22 19:50:02
13,Coat Room,Rana,0,61,2019-01-22 19:50:02
14,Sauna,Horse,8,37,2019-01-22 19:50:02
15,Room,Pig,8,60,2019-01-22 19:50:02
16,Den,Tiburon,0,4,2019-01-22 19:50:02
17,Room,Pig,0,49,2019-01-22 19:50:02
18,Abuelita's Studio,Rana,8,87,2019-01-22 19:50:02
19,Room,Culebra,8,98,2019-01-22 19:50:02
20,Avery,Rana,8,45,2019-01-22 19:50:02
21,Dining Room,Horse,8,64,2019-01-22 19:50:02
22,Kitchen,Dog,8,87,2019-01-22 19:50:02
23,Avery,Tiburon,8,8,2019-01-22 19:50:02
24,Kitchen,Rana,8,99,2019-01-22 19:50:02
25,Den,Culebra,8,85,2019-01-22 19:50:02
26,Coat Room,Weasle,0,58,2019-01-22 19:50:02
27,Room,Rana,0,22,2019-01-22 19:50:02
28,Shower,Iguana,8,73,2019-01-22 19:50:02
29,Avery,Mule,0,75,2019-01-22 19:50:02
30,Patio,Aardvark,0,5,2019-01-22 19:50:02
31,Room,Dog,8,0,2019-01-22 19:50:02
32,Kitchen,Cat,0,57,2019-01-22 19:50:02
33,Home Gym,Rana,8,71,2019-01-22 19:50:02
34,Club House,Horse,0,52,2019-01-22 19:50:02
35,Dog House,Chupacabra,0,81,2019-01-22 19:50:02
36,Abuelita's Studio,Cat,8,1,2019-01-22 19:50:02
37,Coat Room,Chupacabra,8,52,2019-01-22 19:50:02
38,Home Gym,Aardvark,8,64,2019-01-22 19:50:02
39,Dining Room,Chupacabra,8,14,2019-01-22 19:50:02
40,Club House,Cat,8,93,2019-01-22 19:50:02
41,Club House,Chupacabra,0,57,2019-01-22 19:50:02
42,Avery,Culebra,0,72,2019-01-22 19:50:02
43,Dog House,Dog,0,15,2019-01-22 19:50:02
44,Room,Chupacabra,0,23,2019-01-22 19:50:02
45,Home Gym,Weasle,0,32,2019-01-22 19:50:02
46,Kitchen,Tiburon,8,45,2019-01-22 19:50:02
47,Closet,Rana,0,23,2019-01-22 19:50:02
48,Patio,Mariposa,8,62,2019-01-22 19:50:02
49,Coat Room,Mule,0,73,2019-01-22 19:50:02
50,Dog House,Rana,0,36,2019-01-22 19:50:02
51,Closet,Culebra,0,5,2019-01-22 19:50:02
52,Abuelita's Studio,Tiburon,8,37,2019-01-22 19:50:02
53,Patio,Tiburon,8,2,2019-01-22 19:50:02
54,Kitchen,Mariposa,8,61,2019-01-22 19:50:02
55,Avery,Culebra,0,5,2019-01-22 19:50:02
56,Patio,Culebra,8,22,2019-01-22 19:50:02
57,Abuelita's Studio,Tiburon,0,43,2019-01-22 19:50:02
58,Room,Tiburon,8,86,2019-01-22 19:50:02
59,Tree House,Mariposa,0,21,2019-01-22 19:50:02
60,Closet,Cat,8,52,2019-01-22 19:50:02
61,Coat Room,Pig,8,21,2019-01-22 19:50:02
62,Shower,Tiburon,8,78,2019-01-22 19:50:02
63,Dining Room,Mariposa,8,46,2019-01-22 19:50:02
64,Room,Cat,0,70,2019-01-22 19:50:02
65,Dining Room,Culebra,8,35,2019-01-22 19:50:02
66,Patio,Pig,8,81,2019-01-22 19:50:02
67,Kitchen,Iguana,0,64,2019-01-22 19:50:02
68,Kitchen,Aardvark,0,93,2019-01-22 19:50:02
69,Club House,Dog,0,65,2019-01-22 19:50:02
70,Abuelita's Studio,Pig,8,68,2019-01-22 19:50:02
71,Coat Room,Dog,0,34,2019-01-22 19:50:02
72,Den,Mariposa,0,22,2019-01-22 19:50:02
73,Kitchen,Rana,8,24,2019-01-22 19:50:02
74,Coat Room,Cat,0,16,2019-01-22 19:50:02
75,Patio,Mule,0,66,2019-01-22 19:50:02
76,Shower,Chupacabra,8,95,2019-01-22 19:50:02
77,Abuelita's Studio,Culebra,8,19,2019-01-22 19:50:02
78,Den,Rana,0,16,2019-01-22 19:50:02
79,Home Gym,Iguana,0,1,2019-01-22 19:50:02
80,Club House,Rana,8,10,2019-01-22 19:50:02
81,Patio,Culebra,0,9,2019-01-22 19:50:02
82,Patio,Culebra,8,48,2019-01-22 19:50:02
83,Dog House,Dog,8,11,2019-01-22 19:50:02
84,Club House,Chupacabra,0,67,2019-01-22 19:50:02
85,Avery,Cat,0,1,2019-01-22 19:50:02
86,Tree House,Horse,0,92,2019-01-22 19:50:02
87,Tree House,Weasle,0,20,2019-01-22 19:50:02
88,Kitchen,Dog,8,26,2019-01-22 19:50:02
89,Abuelita's Studio,Chupacabra,8,71,2019-01-22 19:50:02
90,Kitchen,Weasle,0,68,2019-01-22 19:50:02
91,Coat Room,Iguana,0,88,2019-01-22 19:50:02
92,Sauna,Pig,8,5,2019-01-22 19:50:02
93,Kitchen,Tiburon,8,73,2019-01-22 19:50:02
94,Club House,Rana,8,74,2019-01-22 19:50:02
95,Tree House,Aardvark,0,53,2019-01-22 19:50:02
96,Dining Room,Cat,8,76,2019-01-22 19:50:02
97,Home Gym,Cat,0,88,2019-01-22 19:50:02
98,Closet,Rana,8,69,2019-01-22 19:50:02
99,Club House,Iguana,0,13,2019-01-22 19:50:02
100,Abuelita's Studio,Mariposa,0,39,2019-01-22 19:50:02
101,Shower,Rana,8,70,2019-01-22 19:50:02
102,Club House,Pig,8,79,2019-01-22 19:50:02
103,Avery,Aardvark,0,78,2019-01-22 19:50:02
104,Dog House,Mariposa,8,41,2019-01-22 19:50:02
105,Shower,Tiburon,8,96,2019-01-22 19:50:02
106,Shower,Weasle,8,52,2019-01-22 19:50:02
107,Club House,Tiburon,8,38,2019-01-22 19:50:02
108,Dog House,Dog,0,37,2019-01-22 19:50:02
109,Dog House,Cat,8,62,2019-01-22 19:50:02
110,Shower,Rana,8,98,2019-01-22 19:50:02
111,Room,Rana,8,33,2019-01-22 19:50:02
112,Abuelita's Studio,Aardvark,8,60,2019-01-22 19:50:02
113,Shower,Tiburon,0,90,2019-01-22 19:50:02
114,Patio,Rana,8,62,2019-01-22 19:50:02
115,Home Gym,Horse,0,68,2019-01-22 19:50:02
116,Coat Room,Culebra,0,93,2019-01-22 19:50:02
117,Kitchen,Tiburon,0,65,2019-01-22 19:50:02
118,Kitchen,Weasle,0,89,2019-01-22 19:50:02
119,Coat Room,Chupacabra,0,16,2019-01-22 19:50:02
120,Dog House,Dog,0,62,2019-01-22 19:50:02
121,Tree House,Chupacabra,8,95,2019-01-22 19:50:02
122,Abuelita's Studio,Iguana,8,88,2019-01-22 19:50:02
123,Den,Mule,0,85,2019-01-22 19:50:02
124,Coat Room,Culebra,0,14,2019-01-22 19:50:02
125,Room,Culebra,0,0,2019-01-22 19:50:02
126,Coat Room,Mariposa,8,61,2019-01-22 19:50:02
127,Club House,Pig,8,81,2019-01-22 19:50:02
128,Abuelita's Studio,Culebra,0,1,2019-01-22 19:50:02
129,Avery,Culebra,0,17,2019-01-22 19:50:02
130,Shower,Cat,0,65,2019-01-22 19:50:02
131,Abuelita's Studio,Weasle,0,90,2019-01-22 19:50:02
132,Club House,Chupacabra,0,95,2019-01-22 19:50:02
133,Shower,Horse,8,38,2019-01-22 19:50:02
134,Den,Aardvark,8,45,2019-01-22 19:50:02
135,Club House,Rana,0,30,2019-01-22 19:50:02
136,Shower,Pig,8,82,2019-01-22 19:50:02
137,Tree House,Cat,0,50,2019-01-22 19:50:02
138,Tree House,Cat,0,61,2019-01-22 19:50:02
139,Coat Room,Pig,0,48,2019-01-22 19:50:02
140,Club House,Horse,8,71,2019-01-22 19:50:02
141,Shower,Weasle,8,58,2019-01-22 19:50:02
142,Kitchen,Chupacabra,8,12,2019-01-22 19:50:02
143,Abuelita's Studio,Horse,8,39,2019-01-22 19:50:02
144,Room,Weasle,0,48,2019-01-22 19:50:02
145,Club House,Mule,8,41,2019-01-22 19:50:02
146,Den,Weasle,8,9,2019-01-22 19:50:02
147,Avery,Tiburon,0,70,2019-01-22 19:50:02
148,Home Gym,Culebra,8,69,2019-01-22 19:50:02
149,Den,Iguana,0,7,2019-01-22 19:50:02
150,Room,Mariposa,0,59,2019-01-22 19:50:02
151,Avery,Dog,0,78,2019-01-22 19:50:02
152,Room,Cat,0,31,2019-01-22 19:50:02
153,Dog House,Cat,0,55,2019-01-22 19:50:02
154,Shower,Cat,0,66,2019-01-22 19:50:02
155,Room,Horse,8,1,2019-01-22 19:50:02
156,Coat Room,Chupacabra,8,25,2019-01-22 19:50:02
157,Coat Room,Weasle,0,37,2019-01-22 19:50:02
158,Abuelita's Studio,Tiburon,8,98,2019-01-22 19:50:02
159,Den,Culebra,0,47,2019-01-22 19:50:02
160,Club House,Cat,8,44,2019-01-22 19:50:02
161,Abuelita's Studio,Horse,8,34,2019-01-22 19:50:02
162,Den,Culebra,0,33,2019-01-22 19:50:02
163,Shower,Iguana,8,46,2019-01-22 19:50:02
164,Den,Chupacabra,8,24,2019-01-22 19:50:02
165,Room,Rana,0,69,2019-01-22 19:50:02
166,Den,Culebra,8,32,2019-01-22 19:50:02
167,Room,Tiburon,0,8,2019-01-22 19:50:02
168,Tree House,Mule,0,99,2019-01-22 19:50:02
169,Club House,Horse,8,56,2019-01-22 19:50:02
170,Dining Room,Pig,8,33,2019-01-22 19:50:02
171,Avery,Aardvark,0,65,2019-01-22 19:50:02
172,Avery,Tiburon,8,34,2019-01-22 19:50:02
173,Room,Horse,0,9,2019-01-22 19:50:02
174,Patio,Rana,0,34,2019-01-22 19:50:02
175,Shower,Chupacabra,0,26,2019-01-22 19:50:02
176,Coat Room,Mule,8,56,2019-01-22 19:50:02
177,Kitchen,Mariposa,0,77,2019-01-22 19:50:02
178,Dog House,Mule,8,21,2019-01-22 19:50:02
179,Coat Room,Aardvark,0,26,2019-01-22 19:50:02
180,Shower,Mariposa,8,20,2019-01-22 19:50:02
181,Home Gym,Iguana,8,94,2019-01-22 19:50:02
182,Patio,Tiburon,0,14,2019-01-22 19:50:02
183,Tree House,Tiburon,0,63,2019-01-22 19:50:02
184,Kitchen,Iguana,0,39,2019-01-22 19:50:02
185,Sauna,Mariposa,0,71,2019-01-22 19:50:02
186,Home Gym,Horse,0,79,2019-01-22 19:50:02
187,Abuelita's Studio,Weasle,0,37,2019-01-22 19:50:02
188,Tree House,Cat,8,55,2019-01-22 19:50:02
189,Coat Room,Culebra,0,51,2019-01-22 19:50:02
190,Abuelita's Studio,Tiburon,8,84,2019-01-22 19:50:02
191,Sauna,Cat,0,57,2019-01-22 19:50:02
192,Patio,Rana,8,37,2019-01-22 19:50:02
193,Tree House,Chupacabra,8,9,2019-01-22 19:50:02
194,Dining Room,Tiburon,8,23,2019-01-22 19:50:02
195,Coat Room,Weasle,0,33,2019-01-22 19:50:02
196,Patio,Aardvark,0,25,2019-01-22 19:50:02
197,Sauna,Chupacabra,0,47,2019-01-22 19:50:02
198,Closet,Horse,0,82,2019-01-22 19:50:02
199,Home Gym,Pig,0,92,2019-01-22 19:50:02
200,Shower,Pig,0,13,2019-01-22 19:50:02
201,Coat Room,Cat,0,93,2019-01-22 19:50:02
202,Room,Aardvark,8,92,2019-01-22 19:50:02
203,Dining Room,Aardvark,0,15,2019-01-22 19:50:02
204,Shower,Horse,0,6,2019-01-22 19:50:02
205,Sauna,Cat,8,26,2019-01-22 19:50:02
206,Tree House,Cat,8,39,2019-01-22 19:50:02
207,Coat Room,Horse,8,15,2019-01-22 19:50:02
208,Abuelita's Studio,Tiburon,0,60,2019-01-22 19:50:02
209,Shower,Mariposa,0,49,2019-01-22 19:50:02
210,Avery,Tiburon,0,15,2019-01-22 19:50:02
211,Patio,Chupacabra,0,28,2019-01-22 19:50:02
212,Closet,Cat,0,92,2019-01-22 19:50:02
213,Abuelita's Studio,Dog,8,94,2019-01-22 19:50:02
214,Club House,Iguana,0,87,2019-01-22 19:50:02
215,Sauna,Aardvark,0,89,2019-01-22 19:50:02
216,Room,Cat,0,87,2019-01-22 19:50:02
217,Dog House,Culebra,8,36,2019-01-22 19:50:02
218,Sauna,Aardvark,8,94,2019-01-22 19:50:02
219,Shower,Chupacabra,8,51,2019-01-22 19:50:02
220,Patio,Mule,0,46,2019-01-22 19:50:02
221,Tree House,Horse,8,72,2019-01-22 19:50:02
222,Tree House,Pig,8,65,2019-01-22 19:50:02
223,Closet,Chupacabra,8,15,2019-01-22 19:50:02
224,Abuelita's Studio,Iguana,8,79,2019-01-22 19:50:02
225,Tree House,Mariposa,8,25,2019-01-22 19:50:02
226,Sauna,Rana,0,74,2019-01-22 19:50:02
227,Patio,Chupacabra,0,84,2019-01-22 19:50:02
228,Den,Horse,8,7,2019-01-22 19:50:02
229,Kitchen,Aardvark,8,77,2019-01-22 19:50:02
230,Kitchen,Iguana,0,24,2019-01-22 19:50:02
231,Tree House,Weasle,8,65,2019-01-22 19:50:02
232,Kitchen,Culebra,0,72,2019-01-22 19:50:02
233,Avery,Mariposa,0,22,2019-01-22 19:50:02
234,Home Gym,Culebra,8,91,2019-01-22 19:50:02
235,Avery,Tiburon,0,21,2019-01-22 19:50:02
236,Kitchen,Mariposa,0,34,2019-01-22 19:50:02
237,Closet,Mariposa,8,0,2019-01-22 19:50:02
238,Coat Room,Iguana,0,31,2019-01-22 19:50:02
239,Tree House,Chupacabra,0,16,2019-01-22 19:50:02
240,Tree House,Dog,8,38,2019-01-22 19:50:02
241,Kitchen,Pig,8,79,2019-01-22 19:50:02
242,Tree House,Weasle,8,6,2019-01-22 19:50:02
243,Room,Mule,0,85,2019-01-22 19:50:02
244,Patio,Chupacabra,0,94,2019-01-22 19:50:02
245,Dining Room,Dog,0,18,2019-01-22 19:50:02
246,Home Gym,Tiburon,0,74,2019-01-22 19:50:02
247,Room,Culebra,8,42,2019-01-22 19:50:02
248,Kitchen,Aardvark,8,54,2019-01-22 19:50:02
249,Home Gym,Dog,0,90,2019-01-22 19:50:02
250,Patio,Iguana,0,68,2019-01-22 19:50:02
251,Sauna,Dog,0,82,2019-01-22 19:50:02
252,Coat Room,Iguana,0,15,2019-01-22 19:50:02
253,Patio,Aardvark,8,23,2019-01-22 19:50:02
254,Abuelita's Studio,Chupacabra,8,5,2019-01-22 19:50:02
255,Dining Room,Pig,0,95,2019-01-22 19:50:02
256,Sauna,Mule,8,90,2019-01-22 19:50:02
257,Club House,Mariposa,0,90,2019-01-22 19:50:02
258,Den,Mule,0,79,2019-01-22 19:50:02
259,Avery,Iguana,0,34,2019-01-22 19:50:02
260,Closet,Culebra,8,66,2019-01-22 19:50:02
261,Patio,Dog,8,49,2019-01-22 19:50:02
262,Patio,Horse,8,43,2019-01-22 19:50:02
263,Dog House,Chupacabra,0,14,2019-01-22 19:50:02
264,Sauna,Aardvark,0,83,2019-01-22 19:50:02
265,Sauna,Tiburon,8,57,2019-01-22 19:50:02
266,Den,Iguana,0,60,2019-01-22 19:50:02
267,Sauna,Cat,0,5,2019-01-22 19:50:02
268,Club House,Iguana,0,25,2019-01-22 19:50:02
269,Tree House,Mule,8,83,2019-01-22 19:50:02
270,Home Gym,Horse,8,90,2019-01-22 19:50:02
271,Patio,Aardvark,0,49,2019-01-22 19:50:02
272,Dog House,Iguana,0,52,2019-01-22 19:50:02
273,Abuelita's Studio,Rana,8,33,2019-01-22 19:50:02
274,Kitchen,Weasle,8,58,2019-01-22 19:50:02
275,Abuelita's Studio,Dog,0,65,2019-01-22 19:50:02
276,Dining Room,Iguana,0,55,2019-01-22 19:50:02
277,Home Gym,Mule,8,43,2019-01-22 19:50:02
278,Avery,Cat,8,11,2019-01-22 19:50:02
279,Patio,Cat,8,25,2019-01-22 19:50:02
280,Room,Cat,8,52,2019-01-22 19:50:02
281,Shower,Chupacabra,8,16,2019-01-22 19:50:02
282,Den,Culebra,0,9,2019-01-22 19:50:02
283,Home Gym,Horse,8,61,2019-01-22 19:50:02
284,Room,Pig,0,76,2019-01-22 19:50:02
285,Kitchen,Culebra,0,41,2019-01-22 19:50:02
286,Dog House,Iguana,0,35,2019-01-22 19:50:02
287,Club House,Culebra,8,44,2019-01-22 19:50:02
288,Den,Mule,0,88,2019-01-22 19:50:02
289,Dining Room,Horse,0,98,2019-01-22 19:50:02
290,Avery,Rana,0,83,2019-01-22 19:50:02
291,Avery,Tiburon,0,32,2019-01-22 19:50:02
292,Home Gym,Dog,8,25,2019-01-22 19:50:02
293,Club House,Horse,8,56,2019-01-22 19:50:02
294,Tree House,Tiburon,0,93,2019-01-22 19:50:02
295,Patio,Tiburon,8,27,2019-01-22 19:50:02
296,Dining Room,Culebra,8,26,2019-01-22 19:50:02
297,Home Gym,Dog,0,6,2019-01-22 19:50:02
298,Shower,Dog,0,11,2019-01-22 19:50:02
299,Den,Mariposa,0,49,2019-01-22 19:50:02
300,Sauna,Mariposa,8,28,2019-01-22 19:52:32
301,Tree House,Cat,0,28,2019-01-22 19:52:32
302,Dining Room,Tiburon,8,76,2019-01-22 19:52:32
303,Club House,Weasle,0,16,2019-01-22 19:52:32
304,Sauna,Mariposa,8,90,2019-01-22 19:52:32
305,Coat Room,Dog,0,34,2019-01-22 19:52:32
306,Closet,Iguana,0,87,2019-01-22 19:52:32
307,Shower,Aardvark,8,11,2019-01-22 19:52:32
308,Home Gym,Iguana,0,71,2019-01-22 19:52:32
309,Tree House,Dog,8,94,2019-01-22 19:52:32
310,Sauna,Chupacabra,8,3,2019-01-22 19:52:32
311,Avery,Cat,8,55,2019-01-22 19:52:32
312,Abuelita's Studio,Aardvark,8,63,2019-01-22 19:52:32
313,Club House,Iguana,8,30,2019-01-22 19:52:32
314,Kitchen,Dog,0,51,2019-01-22 19:52:32
315,Home Gym,Cat,8,70,2019-01-22 19:52:32
316,Dining Room,Tiburon,8,23,2019-01-22 19:52:32
317,Sauna,Aardvark,8,37,2019-01-22 19:52:32
318,Dog House,Mule,8,91,2019-01-22 19:52:32
319,Sauna,Pig,0,86,2019-01-22 19:52:32
320,Coat Room,Pig,8,26,2019-01-22 19:52:32
321,Room,Mule,0,8,2019-01-22 19:52:32
322,Coat Room,Chupacabra,8,91,2019-01-22 19:52:32
323,Dining Room,Weasle,8,22,2019-01-22 19:52:32
324,Sauna,Aardvark,8,73,2019-01-22 19:52:32
325,Shower,Iguana,0,6,2019-01-22 19:52:32
326,Sauna,Weasle,8,89,2019-01-22 19:52:32
327,Coat Room,Culebra,8,18,2019-01-22 19:52:32
328,Abuelita's Studio,Chupacabra,8,61,2019-01-22 19:52:32
329,Abuelita's Studio,Dog,8,97,2019-01-22 19:52:32
330,Dining Room,Aardvark,8,89,2019-01-22 19:52:32
331,Closet,Culebra,8,19,2019-01-22 19:52:32
332,Sauna,Mule,8,22,2019-01-22 19:52:32
333,Shower,Iguana,8,36,2019-01-22 19:52:32
334,Club House,Horse,0,55,2019-01-22 19:52:32
335,Kitchen,Rana,8,18,2019-01-22 19:52:32
336,Club House,Cat,0,41,2019-01-22 19:52:32
337,Tree House,Rana,0,15,2019-01-22 19:52:32
338,Home Gym,Culebra,0,2,2019-01-22 19:52:32
339,Sauna,Weasle,8,8,2019-01-22 19:52:32
340,Club House,Tiburon,0,60,2019-01-22 19:52:32
341,Kitchen,Mule,8,0,2019-01-22 19:52:32
342,Club House,Dog,0,73,2019-01-22 19:52:32
343,Dining Room,Weasle,8,45,2019-01-22 19:52:32
344,Shower,Rana,8,85,2019-01-22 19:52:32
345,Tree House,Weasle,0,22,2019-01-22 19:52:32
346,Avery,Cat,8,77,2019-01-22 19:52:32
347,Avery,Cat,8,14,2019-01-22 19:52:32
348,Shower,Horse,0,10,2019-01-22 19:52:32
349,Shower,Dog,8,20,2019-01-22 19:52:32
350,Dining Room,Mule,0,82,2019-01-22 19:52:32
351,Dining Room,Dog,8,91,2019-01-22 19:52:32
352,Home Gym,Horse,8,38,2019-01-22 19:52:32
353,Dog House,Dog,8,26,2019-01-22 19:52:32
354,Den,Dog,0,23,2019-01-22 19:52:32
355,Club House,Chupacabra,8,5,2019-01-22 19:52:32
356,Avery,Cat,8,68,2019-01-22 19:52:32
357,Club House,Mule,8,99,2019-01-22 19:52:32
358,Sauna,Culebra,8,3,2019-01-22 19:52:32
359,Home Gym,Iguana,8,57,2019-01-22 19:52:32
360,Dining Room,Iguana,0,56,2019-01-22 19:52:32
361,Avery,Cat,0,3,2019-01-22 19:52:32
362,Den,Mule,8,86,2019-01-22 19:52:32
363,Closet,Pig,8,66,2019-01-22 19:52:32
364,Closet,Mariposa,8,78,2019-01-22 19:52:32
365,Room,Weasle,8,89,2019-01-22 19:52:32
366,Avery,Mariposa,0,40,2019-01-22 19:52:32
367,Tree House,Chupacabra,8,23,2019-01-22 19:52:32
368,Kitchen,Pig,0,74,2019-01-22 19:52:32
369,Closet,Culebra,8,74,2019-01-22 19:52:32
370,Coat Room,Tiburon,8,51,2019-01-22 19:52:32
371,Patio,Dog,0,5,2019-01-22 19:52:32
372,Abuelita's Studio,Cat,8,22,2019-01-22 19:52:32
373,Closet,Weasle,0,16,2019-01-22 19:52:32
374,Room,Tiburon,0,38,2019-01-22 19:52:32
375,Patio,Horse,0,55,2019-01-22 19:52:32
376,Den,Rana,0,23,2019-01-22 19:52:32
377,Avery,Tiburon,8,48,2019-01-22 19:52:32
378,Patio,Tiburon,8,55,2019-01-22 19:52:32
379,Kitchen,Mule,0,48,2019-01-22 19:52:32
380,Club House,Aardvark,0,34,2019-01-22 19:52:32
381,Closet,Chupacabra,0,7,2019-01-22 19:52:32
382,Shower,Cat,0,60,2019-01-22 19:52:32
383,Den,Cat,8,83,2019-01-22 19:52:32
384,Dining Room,Iguana,0,19,2019-01-22 19:52:32
385,Tree House,Mariposa,8,57,2019-01-22 19:52:32
386,Dining Room,Pig,0,68,2019-01-22 19:52:32
387,Coat Room,Rana,0,73,2019-01-22 19:52:32
388,Tree House,Aardvark,0,38,2019-01-22 19:52:32
389,Kitchen,Mariposa,8,94,2019-01-22 19:52:32
390,Club House,Mule,0,85,2019-01-22 19:52:32
391,Dog House,Dog,0,84,2019-01-22 19:52:32
392,Home Gym,Horse,8,63,2019-01-22 19:52:32
393,Shower,Iguana,0,94,2019-01-22 19:52:32
394,Club House,Dog,8,55,2019-01-22 19:52:32
395,Tree House,Pig,0,7,2019-01-22 19:52:32
396,Dining Room,Pig,8,23,2019-01-22 19:52:32
397,Den,Horse,0,35,2019-01-22 19:52:32
398,Closet,Pig,8,31,2019-01-22 19:52:32
399,Closet,Pig,8,6,2019-01-22 19:52:32
400,Shower,Rana,0,62,2019-01-22 19:52:32
401,Kitchen,Aardvark,8,72,2019-01-22 19:52:32
402,Den,Chupacabra,0,53,2019-01-22 19:52:32
403,Patio,Pig,8,78,2019-01-22 19:52:32
404,Abuelita's Studio,Horse,0,80,2019-01-22 19:52:32
405,Room,Weasle,8,75,2019-01-22 19:52:32
406,Dog House,Mule,0,69,2019-01-22 19:52:32
407,Abuelita's Studio,Horse,0,85,2019-01-22 19:52:32
408,Kitchen,Mariposa,0,48,2019-01-22 19:52:32
409,Shower,Dog,0,78,2019-01-22 19:52:32
410,Closet,Dog,8,38,2019-01-22 19:52:32
411,Coat Room,Aardvark,8,66,2019-01-22 19:52:32
412,Den,Chupacabra,0,1,2019-01-22 19:52:32
413,Dining Room,Horse,8,39,2019-01-22 19:52:32
414,Kitchen,Culebra,8,22,2019-01-22 19:52:32
415,Dining Room,Pig,8,98,2019-01-22 19:52:32
416,Shower,Horse,8,13,2019-01-22 19:52:32
417,Closet,Horse,0,7,2019-01-22 19:52:32
418,Sauna,Rana,0,68,2019-01-22 19:52:32
419,Sauna,Mariposa,0,22,2019-01-22 19:52:32
420,Club House,Tiburon,8,59,2019-01-22 19:52:32
421,Dog House,Tiburon,8,66,2019-01-22 19:52:32
422,Home Gym,Tiburon,0,52,2019-01-22 19:52:32
423,Sauna,Tiburon,8,87,2019-01-22 19:52:32
424,Closet,Mule,0,45,2019-01-22 19:52:32
425,Shower,Rana,8,74,2019-01-22 19:52:32
426,Tree House,Aardvark,8,31,2019-01-22 19:52:32
427,Den,Aardvark,8,42,2019-01-22 19:52:32
428,Den,Tiburon,0,52,2019-01-22 19:52:32
429,Closet,Mariposa,0,24,2019-01-22 19:52:32
430,Den,Tiburon,8,57,2019-01-22 19:52:32
431,Closet,Mule,8,59,2019-01-22 19:52:32
432,Club House,Horse,8,97,2019-01-22 19:52:32
433,Room,Aardvark,0,71,2019-01-22 19:52:32
434,Dining Room,Culebra,8,89,2019-01-22 19:52:32
435,Kitchen,Dog,8,18,2019-01-22 19:52:32
436,Home Gym,Rana,8,82,2019-01-22 19:52:32
437,Dining Room,Horse,8,71,2019-01-22 19:52:32
438,Kitchen,Mariposa,8,27,2019-01-22 19:52:32
439,Kitchen,Culebra,8,86,2019-01-22 19:52:32
440,Avery,Iguana,0,28,2019-01-22 19:52:32
441,Sauna,Dog,0,81,2019-01-22 19:52:32
442,Shower,Rana,8,2,2019-01-22 19:52:32
443,Kitchen,Weasle,8,32,2019-01-22 19:52:32
444,Dining Room,Iguana,0,23,2019-01-22 19:52:32
445,Room,Mule,8,30,2019-01-22 19:52:32
446,Patio,Iguana,8,38,2019-01-22 19:52:32
447,Tree House,Culebra,0,94,2019-01-22 19:52:32
448,Avery,Pig,0,73,2019-01-22 19:52:32
449,Shower,Aardvark,0,59,2019-01-22 19:52:32
450,Room,Chupacabra,8,6,2019-01-22 19:52:32
451,Shower,Chupacabra,0,36,2019-01-22 19:52:32
452,Home Gym,Weasle,0,22,2019-01-22 19:52:32
453,Closet,Rana,8,80,2019-01-22 19:52:32
454,Avery,Weasle,8,36,2019-01-22 19:52:32
455,Shower,Culebra,8,39,2019-01-22 19:52:32
456,Tree House,Iguana,0,93,2019-01-22 19:52:32
457,Shower,Aardvark,8,13,2019-01-22 19:52:32
458,Avery,Aardvark,8,1,2019-01-22 19:52:32
459,Patio,Iguana,8,59,2019-01-22 19:52:32
460,Room,Mule,8,99,2019-01-22 19:52:32
461,Room,Pig,0,58,2019-01-22 19:52:32
462,Room,Pig,8,77,2019-01-22 19:52:32
463,Club House,Iguana,8,48,2019-01-22 19:52:32
464,Dining Room,Aardvark,0,75,2019-01-22 19:52:32
465,Avery,Tiburon,8,66,2019-01-22 19:52:32
466,Room,Horse,0,2,2019-01-22 19:52:32
467,Shower,Aardvark,8,75,2019-01-22 19:52:32
468,Closet,Culebra,8,14,2019-01-22 19:52:32
469,Patio,Tiburon,0,71,2019-01-22 19:52:32
470,Closet,Pig,0,72,2019-01-22 19:52:32
471,Club House,Chupacabra,8,10,2019-01-22 19:52:32
472,Kitchen,Pig,8,62,2019-01-22 19:52:32
473,Club House,Dog,8,68,2019-01-22 19:52:32
474,Coat Room,Mariposa,8,85,2019-01-22 19:52:32
475,Dog House,Dog,8,82,2019-01-22 19:52:32
476,Den,Tiburon,0,73,2019-01-22 19:52:32
477,Shower,Cat,0,78,2019-01-22 19:52:32
478,Coat Room,Aardvark,0,22,2019-01-22 19:52:32
479,Kitchen,Mariposa,8,94,2019-01-22 19:52:32
480,Kitchen,Horse,0,42,2019-01-22 19:52:32
481,Avery,Culebra,0,69,2019-01-22 19:52:32
482,Tree House,Iguana,8,77,2019-01-22 19:52:32
483,Closet,Chupacabra,8,51,2019-01-22 19:52:32
484,Club House,Dog,0,85,2019-01-22 19:52:32
485,Kitchen,Chupacabra,8,79,2019-01-22 19:52:32
486,Club House,Pig,8,34,2019-01-22 19:52:32
487,Dog House,Aardvark,8,16,2019-01-22 19:52:32
488,Patio,Mule,8,9,2019-01-22 19:52:32
489,Den,Rana,0,85,2019-01-22 19:52:32
490,Coat Room,Mariposa,8,32,2019-01-22 19:52:32
491,Room,Aardvark,8,30,2019-01-22 19:52:32
492,Dog House,Mariposa,0,52,2019-01-22 19:52:32
493,Abuelita's Studio,Horse,0,80,2019-01-22 19:52:32
494,Den,Rana,0,23,2019-01-22 19:52:32
495,Shower,Pig,8,41,2019-01-22 19:52:32
496,Sauna,Mule,8,56,2019-01-22 19:52:32
497,Avery,Dog,8,80,2019-01-22 19:52:32
498,Home Gym,Horse,8,17,2019-01-22 19:52:32
499,Avery,Chupacabra,0,18,2019-01-22 19:52:32
500,Shower,Weasle,8,77,2019-01-22 19:52:32
501,Patio,Mariposa,0,40,2019-01-22 19:52:32
502,Club House,Cat,8,16,2019-01-22 19:52:32
503,Coat Room,Iguana,8,37,2019-01-22 19:52:32
504,Sauna,Iguana,8,62,2019-01-22 19:52:32
505,Sauna,Iguana,8,88,2019-01-22 19:52:32
506,Closet,Cat,0,61,2019-01-22 19:52:32
507,Closet,Iguana,0,26,2019-01-22 19:52:32
508,Tree House,Cat,0,62,2019-01-22 19:52:32
509,Dining Room,Culebra,0,28,2019-01-22 19:52:32
510,Sauna,Cat,8,57,2019-01-22 19:52:32
511,Dog House,Weasle,0,3,2019-01-22 19:52:32
512,Kitchen,Aardvark,8,59,2019-01-22 19:52:32
513,Tree House,Aardvark,8,53,2019-01-22 19:52:32
514,Home Gym,Horse,0,1,2019-01-22 19:52:32
515,Dog House,Chupacabra,8,23,2019-01-22 19:52:32
516,Room,Cat,8,64,2019-01-22 19:52:32
517,Sauna,Mariposa,8,54,2019-01-22 19:52:32
518,Patio,Weasle,8,20,2019-01-22 19:52:32
519,Dining Room,Mule,0,70,2019-01-22 19:52:32
520,Home Gym,Chupacabra,0,93,2019-01-22 19:52:32
521,Home Gym,Rana,8,70,2019-01-22 19:52:32
522,Club House,Aardvark,8,53,2019-01-22 19:52:32
523,Abuelita's Studio,Tiburon,8,83,2019-01-22 19:52:32
524,Den,Pig,8,68,2019-01-22 19:52:32
525,Avery,Aardvark,0,9,2019-01-22 19:52:32
526,Dog House,Horse,8,12,2019-01-22 19:52:32
527,Closet,Pig,8,24,2019-01-22 19:52:32
528,Room,Mule,0,54,2019-01-22 19:52:32
529,Home Gym,Culebra,0,61,2019-01-22 19:52:32
530,Avery,Mule,8,88,2019-01-22 19:52:32
531,Kitchen,Horse,8,94,2019-01-22 19:52:32
532,Abuelita's Studio,Chupacabra,8,64,2019-01-22 19:52:32
533,Den,Iguana,0,7,2019-01-22 19:52:32
534,Coat Room,Weasle,8,17,2019-01-22 19:52:32
535,Tree House,Dog,0,64,2019-01-22 19:52:32
536,Room,Weasle,0,6,2019-01-22 19:52:32
537,Patio,Mariposa,8,72,2019-01-22 19:52:32
538,Den,Cat,8,82,2019-01-22 19:52:32
539,Closet,Dog,0,84,2019-01-22 19:52:32
540,Shower,Tiburon,0,54,2019-01-22 19:52:32
541,Dining Room,Pig,8,34,2019-01-22 19:52:32
542,Coat Room,Culebra,8,28,2019-01-22 19:52:32
543,Coat Room,Aardvark,0,51,2019-01-22 19:52:32
544,Abuelita's Studio,Tiburon,0,73,2019-01-22 19:52:32
545,Dog House,Rana,8,67,2019-01-22 19:52:32
546,Sauna,Horse,0,66,2019-01-22 19:52:32
547,Home Gym,Weasle,0,52,2019-01-22 19:52:32
548,Avery,Weasle,8,72,2019-01-22 19:52:32
549,Dining Room,Mariposa,0,28,2019-01-22 19:52:32
550,Kitchen,Aardvark,8,72,2019-01-22 19:52:32
551,Dining Room,Culebra,0,4,2019-01-22 19:52:32
552,Shower,Pig,0,45,2019-01-22 19:52:32
553,Den,Mariposa,0,78,2019-01-22 19:52:32
554,Dog House,Tiburon,0,39,2019-01-22 19:52:32
555,Room,Tiburon,0,32,2019-01-22 19:52:32
556,Shower,Chupacabra,0,94,2019-01-22 19:52:32
557,Sauna,Tiburon,0,63,2019-01-22 19:52:32
558,Dining Room,Weasle,8,73,2019-01-22 19:52:32
559,Tree House,Cat,0,85,2019-01-22 19:52:32
560,Home Gym,Weasle,0,42,2019-01-22 19:52:32
561,Closet,Dog,8,30,2019-01-22 19:52:32
562,Dog House,Weasle,0,63,2019-01-22 19:52:32
563,Avery,Tiburon,8,39,2019-01-22 19:52:32
564,Dog House,Mariposa,8,79,2019-01-22 19:52:32
565,Patio,Pig,0,51,2019-01-22 19:52:32
566,Closet,Mule,8,96,2019-01-22 19:52:32
567,Avery,Pig,0,24,2019-01-22 19:52:32
568,Sauna,Rana,8,72,2019-01-22 19:52:32
569,Coat Room,Horse,0,16,2019-01-22 19:52:32
570,Sauna,Culebra,0,93,2019-01-22 19:52:32
571,Coat Room,Iguana,8,72,2019-01-22 19:52:32
572,Room,Horse,0,82,2019-01-22 19:52:32
573,Avery,Chupacabra,8,94,2019-01-22 19:52:32
574,Kitchen,Dog,8,81,2019-01-22 19:52:32
575,Kitchen,Mariposa,0,7,2019-01-22 19:52:32
576,Closet,Aardvark,8,70,2019-01-22 19:52:32
577,Club House,Weasle,8,20,2019-01-22 19:52:32
578,Club House,Cat,0,65,2019-01-22 19:52:32
579,Sauna,Tiburon,0,3,2019-01-22 19:52:32
580,Club House,Rana,0,22,2019-01-22 19:52:32
581,Shower,Tiburon,0,14,2019-01-22 19:52:32
582,Sauna,Cat,0,56,2019-01-22 19:52:32
583,Shower,Chupacabra,0,3,2019-01-22 19:52:32
584,Tree House,Mariposa,0,94,2019-01-22 19:52:32
585,Patio,Chupacabra,8,97,2019-01-22 19:52:32
586,Dog House,Rana,0,29,2019-01-22 19:52:32
587,Abuelita's Studio,Horse,0,89,2019-01-22 19:52:32
588,Shower,Rana,8,28,2019-01-22 19:52:32
589,Abuelita's Studio,Mule,0,21,2019-01-22 19:52:32
590,Closet,Tiburon,0,58,2019-01-22 19:52:32
591,Coat Room,Mule,8,65,2019-01-22 19:52:32
592,Tree House,Culebra,0,31,2019-01-22 19:52:32
593,Shower,Horse,0,69,2019-01-22 19:52:32
594,Tree House,Dog,0,19,2019-01-22 19:52:32
595,Room,Iguana,8,59,2019-01-22 19:52:32
596,Sauna,Cat,8,88,2019-01-22 19:52:32
597,Tree House,Mariposa,8,64,2019-01-22 19:52:32
598,Den,Pig,0,13,2019-01-22 19:52:32
599,Closet,Horse,0,43,2019-01-22 19:52:32
600,Tree House,Mariposa,8,22,2019-01-22 19:52:47
601,Closet,Tiburon,8,37,2019-01-22 19:52:47
602,Shower,Horse,0,27,2019-01-22 19:52:47
603,Closet,Cat,8,13,2019-01-22 19:52:47
604,Closet,Cat,8,64,2019-01-22 19:52:47
605,Kitchen,Mule,8,85,2019-01-22 19:52:47
606,Sauna,Tiburon,8,5,2019-01-22 19:52:47
607,Patio,Cat,8,88,2019-01-22 19:52:47
608,Kitchen,Mariposa,8,93,2019-01-22 19:52:47
609,Den,Cat,8,54,2019-01-22 19:52:47
610,Patio,Weasle,8,61,2019-01-22 19:52:47
611,Tree House,Cat,0,62,2019-01-22 19:52:47
612,Room,Dog,0,55,2019-01-22 19:52:47
613,Sauna,Weasle,0,62,2019-01-22 19:52:47
614,Dog House,Aardvark,0,50,2019-01-22 19:52:47
615,Closet,Culebra,8,17,2019-01-22 19:52:47
616,Coat Room,Pig,0,4,2019-01-22 19:52:47
617,Room,Horse,8,70,2019-01-22 19:52:47
618,Closet,Rana,8,89,2019-01-22 19:52:47
619,Tree House,Chupacabra,0,7,2019-01-22 19:52:47
620,Sauna,Culebra,8,45,2019-01-22 19:52:47
621,Dining Room,Iguana,8,83,2019-01-22 19:52:47
622,Home Gym,Pig,0,8,2019-01-22 19:52:47
623,Den,Chupacabra,8,98,2019-01-22 19:52:47
624,Shower,Pig,8,57,2019-01-22 19:52:47
625,Patio,Iguana,8,64,2019-01-22 19:52:47
626,Coat Room,Pig,8,35,2019-01-22 19:52:47
627,Abuelita's Studio,Pig,0,39,2019-01-22 19:52:47
628,Shower,Iguana,0,59,2019-01-22 19:52:47
629,Shower,Mule,0,57,2019-01-22 19:52:47
630,Den,Horse,0,74,2019-01-22 19:52:47
631,Coat Room,Culebra,0,61,2019-01-22 19:52:47
632,Kitchen,Pig,0,8,2019-01-22 19:52:47
633,Avery,Dog,0,53,2019-01-22 19:52:47
634,Den,Mariposa,0,45,2019-01-22 19:52:47
635,Abuelita's Studio,Mule,8,93,2019-01-22 19:52:47
636,Dog House,Dog,8,5,2019-01-22 19:52:47
637,Closet,Tiburon,0,42,2019-01-22 19:52:47
638,Dog House,Aardvark,8,61,2019-01-22 19:52:47
639,Kitchen,Mariposa,0,69,2019-01-22 19:52:47
640,Abuelita's Studio,Cat,8,84,2019-01-22 19:52:47
641,Shower,Chupacabra,8,73,2019-01-22 19:52:47
642,Club House,Chupacabra,0,83,2019-01-22 19:52:47
643,Patio,Chupacabra,0,56,2019-01-22 19:52:47
644,Club House,Dog,0,99,2019-01-22 19:52:47
645,Den,Tiburon,0,96,2019-01-22 19:52:47
646,Avery,Chupacabra,8,37,2019-01-22 19:52:47
647,Room,Weasle,0,52,2019-01-22 19:52:47
648,Abuelita's Studio,Rana,0,32,2019-01-22 19:52:47
649,Avery,Pig,8,70,2019-01-22 19:52:47
650,Closet,Pig,8,45,2019-01-22 19:52:47
651,Coat Room,Rana,0,53,2019-01-22 19:52:47
652,Room,Dog,0,10,2019-01-22 19:52:47
653,Home Gym,Iguana,0,59,2019-01-22 19:52:47
654,Home Gym,Iguana,8,88,2019-01-22 19:52:47
655,Avery,Cat,0,61,2019-01-22 19:52:47
656,Avery,Mariposa,8,86,2019-01-22 19:52:47
657,Dining Room,Rana,8,94,2019-01-22 19:52:47
658,Tree House,Horse,8,23,2019-01-22 19:52:47
659,Coat Room,Iguana,8,42,2019-01-22 19:52:47
660,Coat Room,Cat,0,64,2019-01-22 19:52:47
661,Abuelita's Studio,Pig,0,17,2019-01-22 19:52:47
662,Den,Weasle,0,2,2019-01-22 19:52:47
663,Closet,Aardvark,0,62,2019-01-22 19:52:47
664,Coat Room,Culebra,8,13,2019-01-22 19:52:47
665,Home Gym,Cat,8,31,2019-01-22 19:52:47
666,Abuelita's Studio,Rana,8,26,2019-01-22 19:52:47
667,Home Gym,Chupacabra,8,56,2019-01-22 19:52:47
668,Club House,Weasle,0,87,2019-01-22 19:52:47
669,Dog House,Aardvark,0,58,2019-01-22 19:52:47
670,Shower,Culebra,0,67,2019-01-22 19:52:47
671,Den,Mariposa,0,66,2019-01-22 19:52:47
672,Patio,Mariposa,0,31,2019-01-22 19:52:47
673,Room,Rana,0,59,2019-01-22 19:52:47
674,Sauna,Mariposa,8,12,2019-01-22 19:52:47
675,Closet,Horse,8,50,2019-01-22 19:52:47
676,Closet,Rana,0,27,2019-01-22 19:52:47
677,Dining Room,Tiburon,8,39,2019-01-22 19:52:47
678,Dog House,Chupacabra,8,62,2019-01-22 19:52:47
679,Avery,Rana,8,6,2019-01-22 19:52:47
680,Dining Room,Horse,0,76,2019-01-22 19:52:47
681,Dog House,Cat,0,79,2019-01-22 19:52:47
682,Avery,Rana,0,16,2019-01-22 19:52:47
683,Dining Room,Rana,0,19,2019-01-22 19:52:47
684,Abuelita's Studio,Culebra,0,56,2019-01-22 19:52:47
685,Abuelita's Studio,Aardvark,0,17,2019-01-22 19:52:47
686,Dining Room,Dog,8,21,2019-01-22 19:52:47
687,Shower,Rana,8,95,2019-01-22 19:52:47
688,Kitchen,Tiburon,8,71,2019-01-22 19:52:47
689,Home Gym,Rana,0,96,2019-01-22 19:52:47
690,Abuelita's Studio,Culebra,8,6,2019-01-22 19:52:47
691,Patio,Aardvark,0,65,2019-01-22 19:52:47
692,Patio,Aardvark,8,86,2019-01-22 19:52:47
693,Closet,Dog,0,10,2019-01-22 19:52:47
694,Coat Room,Iguana,8,83,2019-01-22 19:52:47
695,Kitchen,Tiburon,0,5,2019-01-22 19:52:47
696,Sauna,Chupacabra,8,55,2019-01-22 19:52:47
697,Closet,Horse,0,8,2019-01-22 19:52:47
698,Room,Mule,0,47,2019-01-22 19:52:47
699,Avery,Mariposa,8,0,2019-01-22 19:52:47
700,Home Gym,Horse,8,74,2019-01-22 19:52:47
701,Patio,Dog,0,4,2019-01-22 19:52:47
702,Patio,Weasle,8,19,2019-01-22 19:52:47
703,Club House,Aardvark,0,13,2019-01-22 19:52:47
704,Avery,Chupacabra,8,87,2019-01-22 19:52:47
705,Club House,Mariposa,0,45,2019-01-22 19:52:47
706,Room,Culebra,8,79,2019-01-22 19:52:47
707,Tree House,Dog,8,22,2019-01-22 19:52:47
708,Abuelita's Studio,Chupacabra,0,50,2019-01-22 19:52:47
709,Dining Room,Mariposa,8,43,2019-01-22 19:52:47
710,Patio,Mule,0,77,2019-01-22 19:52:47
711,Club House,Aardvark,8,0,2019-01-22 19:52:47
712,Den,Mule,0,29,2019-01-22 19:52:47
713,Kitchen,Tiburon,8,28,2019-01-22 19:52:47
714,Abuelita's Studio,Cat,0,31,2019-01-22 19:52:47
715,Avery,Dog,0,89,2019-01-22 19:52:47
716,Dog House,Chupacabra,0,39,2019-01-22 19:52:47
717,Shower,Iguana,8,73,2019-01-22 19:52:47
718,Dining Room,Rana,0,3,2019-01-22 19:52:47
719,Club House,Cat,8,25,2019-01-22 19:52:47
720,Sauna,Pig,8,9,2019-01-22 19:52:47
721,Shower,Iguana,0,90,2019-01-22 19:52:47
722,Patio,Weasle,0,56,2019-01-22 19:52:47
723,Home Gym,Cat,8,68,2019-01-22 19:52:47
724,Home Gym,Weasle,8,1,2019-01-22 19:52:47
725,Closet,Culebra,0,22,2019-01-22 19:52:47
726,Coat Room,Iguana,8,40,2019-01-22 19:52:47
727,Tree House,Pig,8,65,2019-01-22 19:52:47
728,Home Gym,Weasle,8,83,2019-01-22 19:52:47
729,Dog House,Chupacabra,8,26,2019-01-22 19:52:47
730,Home Gym,Pig,0,64,2019-01-22 19:52:47
731,Shower,Dog,8,83,2019-01-22 19:52:47
732,Den,Rana,8,39,2019-01-22 19:52:47
733,Patio,Mariposa,0,23,2019-01-22 19:52:47
734,Kitchen,Mariposa,8,61,2019-01-22 19:52:47
735,Shower,Rana,0,39,2019-01-22 19:52:47
736,Dog House,Horse,0,25,2019-01-22 19:52:47
737,Closet,Culebra,0,69,2019-01-22 19:52:47
738,Abuelita's Studio,Iguana,8,50,2019-01-22 19:52:47
739,Dining Room,Tiburon,0,25,2019-01-22 19:52:47
740,Abuelita's Studio,Horse,0,48,2019-01-22 19:52:47
741,Club House,Iguana,8,65,2019-01-22 19:52:47
742,Avery,Cat,8,73,2019-01-22 19:52:47
743,Avery,Chupacabra,8,73,2019-01-22 19:52:47
744,Patio,Mariposa,0,45,2019-01-22 19:52:47
745,Shower,Tiburon,0,25,2019-01-22 19:52:47
746,Patio,Mariposa,8,90,2019-01-22 19:52:47
747,Sauna,Culebra,0,74,2019-01-22 19:52:47
748,Kitchen,Dog,8,22,2019-01-22 19:52:47
749,Club House,Aardvark,8,44,2019-01-22 19:52:47
750,Avery,Tiburon,0,78,2019-01-22 19:52:47
751,Sauna,Rana,8,25,2019-01-22 19:52:47
752,Avery,Mariposa,8,44,2019-01-22 19:52:47
753,Sauna,Rana,8,40,2019-01-22 19:52:47
754,Kitchen,Aardvark,8,43,2019-01-22 19:52:47
755,Room,Pig,8,43,2019-01-22 19:52:47
756,Den,Chupacabra,0,27,2019-01-22 19:52:47
757,Den,Culebra,8,12,2019-01-22 19:52:47
758,Coat Room,Weasle,8,39,2019-01-22 19:52:47
759,Kitchen,Culebra,8,90,2019-01-22 19:52:47
760,Shower,Pig,8,59,2019-01-22 19:52:47
761,Club House,Rana,8,98,2019-01-22 19:52:47
762,Abuelita's Studio,Culebra,8,90,2019-01-22 19:52:47
763,Dining Room,Weasle,0,26,2019-01-22 19:52:47
764,Dining Room,Aardvark,0,16,2019-01-22 19:52:47
765,Dog House,Weasle,0,23,2019-01-22 19:52:47
766,Coat Room,Cat,8,5,2019-01-22 19:52:47
767,Closet,Pig,0,18,2019-01-22 19:52:47
768,Shower,Aardvark,8,39,2019-01-22 19:52:47
769,Room,Iguana,8,72,2019-01-22 19:52:47
770,Patio,Mule,0,95,2019-01-22 19:52:47
771,Room,Mariposa,0,0,2019-01-22 19:52:47
772,Shower,Horse,8,32,2019-01-22 19:52:47
773,Club House,Dog,0,98,2019-01-22 19:52:47
774,Abuelita's Studio,Cat,0,61,2019-01-22 19:52:47
775,Patio,Tiburon,0,34,2019-01-22 19:52:47
776,Club House,Aardvark,8,3,2019-01-22 19:52:47
777,Coat Room,Horse,8,56,2019-01-22 19:52:47
778,Dog House,Tiburon,8,95,2019-01-22 19:52:47
779,Sauna,Cat,0,99,2019-01-22 19:52:47
780,Room,Weasle,8,2,2019-01-22 19:52:47
781,Shower,Horse,8,36,2019-01-22 19:52:47
782,Sauna,Culebra,0,1,2019-01-22 19:52:47
783,Coat Room,Tiburon,8,65,2019-01-22 19:52:47
784,Club House,Rana,8,34,2019-01-22 19:52:47
785,Dining Room,Horse,8,53,2019-01-22 19:52:47
786,Coat Room,Rana,8,80,2019-01-22 19:52:47
787,Shower,Tiburon,8,16,2019-01-22 19:52:47
788,Coat Room,Culebra,0,69,2019-01-22 19:52:47
789,Avery,Rana,0,39,2019-01-22 19:52:47
790,Tree House,Rana,8,99,2019-01-22 19:52:47
791,Den,Dog,0,58,2019-01-22 19:52:47
792,Patio,Dog,0,83,2019-01-22 19:52:47
793,Patio,Mariposa,8,24,2019-01-22 19:52:47
794,Club House,Weasle,0,74,2019-01-22 19:52:47
795,Shower,Culebra,8,77,2019-01-22 19:52:47
796,Club House,Culebra,8,73,2019-01-22 19:52:47
797,Home Gym,Aardvark,0,94,2019-01-22 19:52:47
798,Kitchen,Dog,8,61,2019-01-22 19:52:47
799,Shower,Weasle,8,93,2019-01-22 19:52:47
800,Home Gym,Mule,8,25,2019-01-22 19:52:47
801,Patio,Aardvark,0,94,2019-01-22 19:52:47
802,Coat Room,Aardvark,8,72,2019-01-22 19:52:47
803,Shower,Rana,8,61,2019-01-22 19:52:47
804,Home Gym,Weasle,0,65,2019-01-22 19:52:47
805,Club House,Mule,8,53,2019-01-22 19:52:47
806,Club House,Mule,0,63,2019-01-22 19:52:47
807,Dog House,Pig,8,25,2019-01-22 19:52:47
808,Sauna,Horse,8,71,2019-01-22 19:52:47
809,Dining Room,Mule,8,38,2019-01-22 19:52:47
810,Den,Cat,8,36,2019-01-22 19:52:47
811,Patio,Horse,0,0,2019-01-22 19:52:47
812,Patio,Weasle,8,10,2019-01-22 19:52:47
813,Tree House,Iguana,8,68,2019-01-22 19:52:47
814,Kitchen,Iguana,0,41,2019-01-22 19:52:47
815,Kitchen,Chupacabra,0,19,2019-01-22 19:52:47
816,Abuelita's Studio,Chupacabra,8,95,2019-01-22 19:52:47
817,Kitchen,Rana,8,95,2019-01-22 19:52:47
818,Home Gym,Pig,0,61,2019-01-22 19:52:47
819,Home Gym,Rana,8,77,2019-01-22 19:52:47
820,Dining Room,Mule,8,26,2019-01-22 19:52:47
821,Dog House,Dog,8,12,2019-01-22 19:52:47
822,Room,Mariposa,0,29,2019-01-22 19:52:47
823,Den,Mariposa,0,42,2019-01-22 19:52:47
824,Club House,Culebra,0,11,2019-01-22 19:52:47
825,Sauna,Horse,8,29,2019-01-22 19:52:47
826,Dining Room,Iguana,8,27,2019-01-22 19:52:47
827,Avery,Mule,8,9,2019-01-22 19:52:47
828,Avery,Tiburon,0,68,2019-01-22 19:52:47
829,Home Gym,Culebra,8,35,2019-01-22 19:52:47
830,Club House,Culebra,0,1,2019-01-22 19:52:47
831,Club House,Dog,8,39,2019-01-22 19:52:47
832,Tree House,Mule,0,87,2019-01-22 19:52:47
833,Club House,Weasle,0,52,2019-01-22 19:52:47
834,Sauna,Rana,0,6,2019-01-22 19:52:47
835,Tree House,Rana,8,52,2019-01-22 19:52:47
836,Coat Room,Aardvark,8,78,2019-01-22 19:52:47
837,Patio,Cat,0,89,2019-01-22 19:52:47
838,Coat Room,Horse,8,50,2019-01-22 19:52:47
839,Club House,Mule,8,95,2019-01-22 19:52:47
840,Home Gym,Mule,8,86,2019-01-22 19:52:47
841,Room,Tiburon,0,59,2019-01-22 19:52:47
842,Room,Cat,8,38,2019-01-22 19:52:47
843,Sauna,Dog,0,7,2019-01-22 19:52:47
844,Coat Room,Dog,0,98,2019-01-22 19:52:47
845,Closet,Tiburon,8,9,2019-01-22 19:52:47
846,Closet,Culebra,8,27,2019-01-22 19:52:47
847,Dog House,Rana,8,32,2019-01-22 19:52:47
848,Abuelita's Studio,Dog,0,46,2019-01-22 19:52:47
849,Den,Weasle,8,57,2019-01-22 19:52:47
850,Sauna,Pig,0,38,2019-01-22 19:52:47
851,Sauna,Rana,0,73,2019-01-22 19:52:47
852,Patio,Pig,8,4,2019-01-22 19:52:47
853,Room,Horse,8,65,2019-01-22 19:52:47
854,Tree House,Aardvark,8,19,2019-01-22 19:52:47
855,Den,Mule,0,86,2019-01-22 19:52:47
856,Dog House,Rana,8,47,2019-01-22 19:52:47
857,Sauna,Tiburon,8,47,2019-01-22 19:52:47
858,Kitchen,Dog,8,6,2019-01-22 19:52:47
859,Room,Tiburon,8,26,2019-01-22 19:52:47
860,Kitchen,Mariposa,8,54,2019-01-22 19:52:47
861,Room,Culebra,8,49,2019-01-22 19:52:47
862,Kitchen,Mule,0,70,2019-01-22 19:52:47
863,Abuelita's Studio,Mariposa,0,17,2019-01-22 19:52:47
864,Coat Room,Culebra,0,58,2019-01-22 19:52:47
865,Shower,Weasle,0,50,2019-01-22 19:52:47
866,Patio,Culebra,0,44,2019-01-22 19:52:47
867,Avery,Weasle,0,22,2019-01-22 19:52:47
868,Kitchen,Weasle,0,36,2019-01-22 19:52:47
869,Club House,Culebra,0,18,2019-01-22 19:52:47
870,Kitchen,Aardvark,8,87,2019-01-22 19:52:47
871,Kitchen,Culebra,8,44,2019-01-22 19:52:47
872,Avery,Aardvark,0,9,2019-01-22 19:52:47
873,Shower,Tiburon,0,10,2019-01-22 19:52:47
874,Dog House,Horse,0,58,2019-01-22 19:52:47
875,Den,Pig,0,34,2019-01-22 19:52:47
876,Dining Room,Rana,8,19,2019-01-22 19:52:47
877,Coat Room,Dog,0,49,2019-01-22 19:52:47
878,Dining Room,Weasle,0,52,2019-01-22 19:52:47
879,Avery,Tiburon,8,17,2019-01-22 19:52:47
880,Patio,Mule,8,14,2019-01-22 19:52:47
881,Abuelita's Studio,Aardvark,0,76,2019-01-22 19:52:47
882,Avery,Mariposa,8,63,2019-01-22 19:52:47
883,Tree House,Dog,8,12,2019-01-22 19:52:47
884,Den,Mule,8,37,2019-01-22 19:52:47
885,Dining Room,Chupacabra,8,7,2019-01-22 19:52:47
886,Dog House,Chupacabra,8,55,2019-01-22 19:52:47
887,Sauna,Dog,0,21,2019-01-22 19:52:47
888,Dog House,Weasle,0,85,2019-01-22 19:52:47
889,Shower,Cat,0,46,2019-01-22 19:52:47
890,Tree House,Horse,0,86,2019-01-22 19:52:47
891,Shower,Pig,0,60,2019-01-22 19:52:47
892,Abuelita's Studio,Cat,8,33,2019-01-22 19:52:47
893,Patio,Chupacabra,0,16,2019-01-22 19:52:47
894,Room,Mariposa,0,3,2019-01-22 19:52:47
895,Closet,Mariposa,8,7,2019-01-22 19:52:47
896,Shower,Mariposa,0,94,2019-01-22 19:52:47
897,Room,Rana,0,62,2019-01-22 19:52:47
898,Den,Iguana,8,97,2019-01-22 19:52:47
899,Tree House,Chupacabra,0,34,2019-01-22 19:52:47
900,Tree House,Mariposa,0,49,2019-01-22 19:32:00
901,Den,Weasle,8,19,2019-01-22 19:32:00
902,Shower,Mariposa,0,17,2019-01-22 19:32:00
903,Tree House,Iguana,0,49,2019-01-22 19:32:00
904,Club House,Dog,8,42,2019-01-22 19:32:00
905,Closet,Mule,0,8,2019-01-22 19:32:00
906,Dog House,Pig,0,98,2019-01-22 19:32:00
907,Shower,Culebra,0,45,2019-01-22 19:32:00
908,Club House,Mariposa,8,30,2019-01-22 19:32:00
909,Coat Room,Iguana,0,94,2019-01-22 19:32:00
910,Den,Aardvark,0,98,2019-01-22 19:32:00
911,Tree House,Cat,8,58,2019-01-22 19:32:00
912,Patio,Cat,0,96,2019-01-22 19:32:00
913,Club House,Chupacabra,0,75,2019-01-22 19:32:00
914,Avery,Horse,8,16,2019-01-22 19:32:00
915,Tree House,Pig,8,28,2019-01-22 19:32:00
916,Den,Horse,8,53,2019-01-22 19:32:00
917,Dining Room,Cat,8,83,2019-01-22 19:32:00
918,Tree House,Tiburon,8,60,2019-01-22 19:32:00
919,Room,Pig,8,47,2019-01-22 19:32:00
920,Tree House,Pig,0,55,2019-01-22 19:32:00
921,Closet,Culebra,8,60,2019-01-22 19:32:00
922,Patio,Horse,8,92,2019-01-22 19:32:00
923,Tree House,Aardvark,0,11,2019-01-22 19:32:00
924,Shower,Horse,8,67,2019-01-22 19:32:00
925,Coat Room,Weasle,0,54,2019-01-22 19:32:00
926,Club House,Mariposa,8,42,2019-01-22 19:32:00
927,Dog House,Aardvark,8,72,2019-01-22 19:32:00
928,Room,Aardvark,8,71,2019-01-22 19:32:00
929,Abuelita's Studio,Dog,0,84,2019-01-22 19:32:00
930,Coat Room,Chupacabra,8,82,2019-01-22 19:32:00
931,Coat Room,Mariposa,8,6,2019-01-22 19:32:00
932,Avery,Aardvark,0,30,2019-01-22 19:32:00
933,Kitchen,Iguana,8,23,2019-01-22 19:32:00
934,Closet,Aardvark,0,94,2019-01-22 19:32:00
935,Closet,Tiburon,8,90,2019-01-22 19:32:00
936,Shower,Chupacabra,8,92,2019-01-22 19:32:00
937,Abuelita's Studio,Culebra,8,65,2019-01-22 19:32:00
938,Dog House,Mariposa,8,0,2019-01-22 19:32:00
939,Avery,Chupacabra,0,26,2019-01-22 19:32:00
940,Home Gym,Dog,0,40,2019-01-22 19:32:00
941,Den,Mule,8,92,2019-01-22 19:32:00
942,Patio,Weasle,8,34,2019-01-22 19:32:00
943,Abuelita's Studio,Chupacabra,8,85,2019-01-22 19:32:00
944,Avery,Rana,8,67,2019-01-22 19:32:00
945,Avery,Mule,0,84,2019-01-22 19:32:00
946,Home Gym,Mariposa,0,45,2019-01-22 19:32:00
947,Tree House,Iguana,8,63,2019-01-22 19:32:00
948,Patio,Weasle,8,23,2019-01-22 19:32:00
949,Tree House,Mule,8,60,2019-01-22 19:32:00
950,Dog House,Chupacabra,8,64,2019-01-22 19:32:00
951,Club House,Mariposa,0,93,2019-01-22 19:32:00
952,Closet,Rana,8,19,2019-01-22 19:32:00
953,Abuelita's Studio,Chupacabra,8,67,2019-01-22 19:32:00
954,Avery,Chupacabra,0,74,2019-01-22 19:32:00
955,Sauna,Iguana,8,58,2019-01-22 19:32:00
956,Sauna,Culebra,0,78,2019-01-22 19:32:00
957,Dining Room,Weasle,0,14,2019-01-22 19:32:00
958,Coat Room,Weasle,8,95,2019-01-22 19:32:00
959,Shower,Tiburon,0,32,2019-01-22 19:32:00
960,Kitchen,Iguana,0,31,2019-01-22 19:32:00
961,Dog House,Culebra,0,33,2019-01-22 19:32:00
962,Kitchen,Cat,0,45,2019-01-22 19:32:00
963,Sauna,Mule,0,98,2019-01-22 19:32:00
964,Room,Weasle,8,83,2019-01-22 19:32:00
965,Dog House,Tiburon,0,53,2019-01-22 19:32:00
966,Dog House,Dog,0,7,2019-01-22 19:32:00
967,Coat Room,Weasle,0,37,2019-01-22 19:32:00
968,Closet,Mariposa,8,42,2019-01-22 19:32:00
969,Dog House,Horse,8,79,2019-01-22 19:32:00
970,Closet,Aardvark,8,69,2019-01-22 19:32:00
971,Kitchen,Mariposa,8,10,2019-01-22 19:32:00
972,Room,Cat,8,29,2019-01-22 19:32:00
973,Club House,Pig,8,83,2019-01-22 19:32:00
974,Closet,Pig,0,98,2019-01-22 19:32:00
975,Dining Room,Tiburon,8,33,2019-01-22 19:32:00
976,Kitchen,Chupacabra,8,93,2019-01-22 19:32:00
977,Coat Room,Iguana,0,2,2019-01-22 19:32:00
978,Club House,Cat,8,66,2019-01-22 19:32:00
979,Shower,Mule,0,21,2019-01-22 19:32:00
980,Dining Room,Mule,8,99,2019-01-22 19:32:00
981,Dining Room,Mariposa,8,67,2019-01-22 19:32:00
982,Dog House,Cat,0,0,2019-01-22 19:32:00
983,Club House,Cat,8,94,2019-01-22 19:32:00
984,Den,Cat,8,89,2019-01-22 19:32:00
985,Coat Room,Mariposa,0,51,2019-01-22 19:32:00
986,Closet,Aardvark,8,42,2019-01-22 19:32:00
987,Club House,Mariposa,0,44,2019-01-22 19:32:00
988,Home Gym,Cat,8,14,2019-01-22 19:32:00
989,Tree House,Rana,0,11,2019-01-22 19:32:00
990,Club House,Aardvark,8,40,2019-01-22 19:32:00
991,Shower,Pig,0,16,2019-01-22 19:32:00
992,Dog House,Cat,0,86,2019-01-22 19:32:00
993,Avery,Horse,0,43,2019-01-22 19:32:00
994,Dining Room,Culebra,8,23,2019-01-22 19:32:00
995,Club House,Aardvark,8,10,2019-01-22 19:32:00
996,Shower,Weasle,8,59,2019-01-22 19:32:00
997,Dining Room,Horse,8,19,2019-01-22 19:32:00
998,Avery,Rana,0,17,2019-01-22 19:32:00
999,Dog House,Mule,0,64,2019-01-22 19:32:00
1000,Patio,Mariposa,0,50,2019-01-22 19:32:00
1001,Dining Room,Aardvark,0,82,2019-01-22 19:32:00
1002,Club House,Mule,8,4,2019-01-22 19:32:00
1003,Avery,Iguana,8,70,2019-01-22 19:32:00
1004,Tree House,Chupacabra,0,75,2019-01-22 19:32:00
1005,Closet,Horse,0,96,2019-01-22 19:32:00
1006,Shower,Weasle,8,37,2019-01-22 19:32:00
1007,Dog House,Culebra,0,58,2019-01-22 19:32:00
1008,Abuelita's Studio,Mule,8,95,2019-01-22 19:32:00
1009,Club House,Aardvark,8,50,2019-01-22 19:32:00
1010,Home Gym,Iguana,8,10,2019-01-22 19:32:00
1011,Den,Weasle,8,7,2019-01-22 19:32:00
1012,Club House,Dog,0,8,2019-01-22 19:32:00
1013,Closet,Rana,8,35,2019-01-22 19:32:00
1014,Abuelita's Studio,Culebra,0,81,2019-01-22 19:32:00
1015,Den,Mule,8,54,2019-01-22 19:32:00
1016,Closet,Pig,0,86,2019-01-22 19:32:00
1017,Room,Iguana,0,69,2019-01-22 19:32:00
1018,Dog House,Cat,8,57,2019-01-22 19:32:00
1019,Shower,Dog,0,60,2019-01-22 19:32:00
1020,Dog House,Dog,8,15,2019-01-22 19:32:00
1021,Tree House,Mariposa,8,16,2019-01-22 19:32:00
1022,Patio,Cat,8,25,2019-01-22 19:32:00
1023,Club House,Mariposa,8,21,2019-01-22 19:32:00
1024,Avery,Chupacabra,8,11,2019-01-22 19:32:00
1025,Patio,Culebra,0,17,2019-01-22 19:32:00
1026,Avery,Tiburon,8,59,2019-01-22 19:32:00
1027,Patio,Rana,8,65,2019-01-22 19:32:00
1028,Shower,Cat,8,63,2019-01-22 19:32:00
1029,Club House,Pig,8,4,2019-01-22 19:32:00
1030,Den,Iguana,0,34,2019-01-22 19:32:00
1031,Abuelita's Studio,Culebra,0,82,2019-01-22 19:32:00
1032,Closet,Weasle,0,54,2019-01-22 19:32:00
1033,Abuelita's Studio,Pig,8,57,2019-01-22 19:32:00
1034,Coat Room,Weasle,0,99,2019-01-22 19:32:00
1035,Dog House,Aardvark,8,40,2019-01-22 19:32:00
1036,Avery,Culebra,8,57,2019-01-22 19:32:00
1037,Closet,Mule,0,96,2019-01-22 19:32:00
1038,Room,Dog,8,81,2019-01-22 19:32:00
1039,Shower,Pig,8,41,2019-01-22 19:32:00
1040,Avery,Aardvark,0,28,2019-01-22 19:32:00
1041,Patio,Rana,0,28,2019-01-22 19:32:00
1042,Club House,Tiburon,8,25,2019-01-22 19:32:00
1043,Coat Room,Iguana,0,97,2019-01-22 19:32:00
1044,Home Gym,Culebra,0,29,2019-01-22 19:32:00
1045,Avery,Rana,0,13,2019-01-22 19:32:00
1046,Patio,Horse,8,14,2019-01-22 19:32:00
1047,Coat Room,Chupacabra,0,32,2019-01-22 19:32:00
1048,Avery,Mariposa,0,87,2019-01-22 19:32:00
1049,Den,Horse,8,23,2019-01-22 19:32:00
1050,Sauna,Dog,0,22,2019-01-22 19:32:00
1051,Home Gym,Rana,0,30,2019-01-22 19:32:00
1052,Kitchen,Horse,0,63,2019-01-22 19:32:00
1053,Coat Room,Mariposa,8,67,2019-01-22 19:32:00
1054,Den,Horse,8,28,2019-01-22 19:32:00
1055,Dining Room,Horse,8,66,2019-01-22 19:32:00
1056,Sauna,Mariposa,0,54,2019-01-22 19:32:00
1057,Club House,Mule,0,12,2019-01-22 19:32:00
1058,Patio,Iguana,8,80,2019-01-22 19:32:00
1059,Shower,Weasle,0,12,2019-01-22 19:32:00
1060,Closet,Horse,0,16,2019-01-22 19:32:00
1061,Sauna,Mule,0,20,2019-01-22 19:32:00
1062,Coat Room,Iguana,0,27,2019-01-22 19:32:00
1063,Coat Room,Mariposa,0,80,2019-01-22 19:32:00
1064,Shower,Rana,8,93,2019-01-22 19:32:00
1065,Coat Room,Dog,8,29,2019-01-22 19:32:00
1066,Den,Rana,8,66,2019-01-22 19:32:00
1067,Tree House,Horse,0,80,2019-01-22 19:32:00
1068,Sauna,Dog,8,3,2019-01-22 19:32:00
1069,Tree House,Dog,0,0,2019-01-22 19:32:00
1070,Tree House,Tiburon,0,78,2019-01-22 19:32:00
1071,Dining Room,Weasle,0,3,2019-01-22 19:32:00
1072,Tree House,Chupacabra,0,75,2019-01-22 19:32:00
1073,Home Gym,Horse,0,71,2019-01-22 19:32:00
1074,Closet,Pig,8,97,2019-01-22 19:32:00
1075,Avery,Dog,0,11,2019-01-22 19:32:00
1076,Tree House,Dog,0,14,2019-01-22 19:32:00
1077,Closet,Dog,8,64,2019-01-22 19:32:00
1078,Dog House,Pig,0,86,2019-01-22 19:32:00
1079,Closet,Aardvark,0,15,2019-01-22 19:32:00
1080,Avery,Aardvark,8,88,2019-01-22 19:32:00
1081,Abuelita's Studio,Mule,0,85,2019-01-22 19:32:00
1082,Coat Room,Culebra,0,33,2019-01-22 19:32:00
1083,Dog House,Cat,0,81,2019-01-22 19:32:00
1084,Club House,Culebra,0,45,2019-01-22 19:32:00
1085,Den,Tiburon,0,4,2019-01-22 19:32:00
1086,Tree House,Rana,8,71,2019-01-22 19:32:00
1087,Tree House,Rana,8,62,2019-01-22 19:32:00
1088,Avery,Weasle,8,72,2019-01-22 19:32:00
1089,Closet,Pig,0,60,2019-01-22 19:32:00
1090,Shower,Weasle,0,55,2019-01-22 19:32:00
1091,Room,Iguana,0,42,2019-01-22 19:32:00
1092,Kitchen,Mule,8,30,2019-01-22 19:32:00
1093,Home Gym,Rana,0,4,2019-01-22 19:32:00
1094,Avery,Mariposa,0,66,2019-01-22 19:32:00
1095,Dining Room,Chupacabra,0,0,2019-01-22 19:32:00
1096,Abuelita's Studio,Tiburon,0,66,2019-01-22 19:32:00
1097,Home Gym,Pig,8,30,2019-01-22 19:32:00
1098,Coat Room,Dog,0,63,2019-01-22 19:32:00
1099,Patio,Mariposa,0,81,2019-01-22 19:32:00
1100,Dog House,Rana,8,62,2019-01-22 19:32:00
1101,Abuelita's Studio,Dog,0,74,2019-01-22 19:32:00
1102,Coat Room,Tiburon,0,20,2019-01-22 19:32:00
1103,Abuelita's Studio,Chupacabra,0,8,2019-01-22 19:32:00
1104,Coat Room,Mariposa,8,60,2019-01-22 19:32:00
1105,Den,Weasle,8,16,2019-01-22 19:32:00
1106,Sauna,Iguana,0,94,2019-01-22 19:32:00
1107,Tree House,Tiburon,0,84,2019-01-22 19:32:00
1108,Abuelita's Studio,Culebra,8,64,2019-01-22 19:32:00
1109,Abuelita's Studio,Chupacabra,8,6,2019-01-22 19:32:00
1110,Club House,Dog,8,53,2019-01-22 19:32:00
1111,Room,Pig,0,70,2019-01-22 19:32:00
1112,Sauna,Mule,0,6,2019-01-22 19:32:00
1113,Room,Dog,0,39,2019-01-22 19:32:00
1114,Home Gym,Horse,0,6,2019-01-22 19:32:00
1115,Avery,Mariposa,8,50,2019-01-22 19:32:00
1116,Home Gym,Dog,0,19,2019-01-22 19:32:00
1117,Coat Room,Rana,0,31,2019-01-22 19:32:00
1118,Den,Rana,0,97,2019-01-22 19:32:00
1119,Kitchen,Mariposa,0,70,2019-01-22 19:32:00
1120,Abuelita's Studio,Aardvark,0,71,2019-01-22 19:32:00
1121,Coat Room,Culebra,0,86,2019-01-22 19:32:00
1122,Patio,Culebra,8,54,2019-01-22 19:32:00
1123,Dog House,Horse,8,61,2019-01-22 19:32:00
1124,Den,Horse,8,16,2019-01-22 19:32:00
1125,Room,Chupacabra,0,79,2019-01-22 19:32:00
1126,Kitchen,Culebra,0,96,2019-01-22 19:32:00
1127,Shower,Culebra,0,83,2019-01-22 19:32:00
1128,Dining Room,Dog,8,96,2019-01-22 19:32:00
1129,Coat Room,Mule,8,31,2019-01-22 19:32:00
1130,Avery,Weasle,8,5,2019-01-22 19:32:00
1131,Tree House,Horse,8,44,2019-01-22 19:32:00
1132,Avery,Mariposa,8,65,2019-01-22 19:32:00
1133,Abuelita's Studio,Chupacabra,8,91,2019-01-22 19:32:00
1134,Avery,Weasle,0,44,2019-01-22 19:32:00
1135,Dog House,Tiburon,0,90,2019-01-22 19:32:00
1136,Closet,Horse,0,65,2019-01-22 19:32:00
1137,Dining Room,Dog,0,90,2019-01-22 19:32:00
1138,Closet,Mariposa,8,87,2019-01-22 19:32:00
1139,Den,Mule,0,25,2019-01-22 19:32:00
1140,Kitchen,Horse,8,11,2019-01-22 19:32:00
1141,Tree House,Rana,8,47,2019-01-22 19:32:00
1142,Abuelita's Studio,Horse,0,14,2019-01-22 19:32:00
1143,Room,Mariposa,0,99,2019-01-22 19:32:00
1144,Sauna,Weasle,0,35,2019-01-22 19:32:00
1145,Dining Room,Mule,0,38,2019-01-22 19:32:00
1146,Closet,Cat,8,85,2019-01-22 19:32:00
1147,Shower,Iguana,8,53,2019-01-22 19:32:00
1148,Tree House,Mule,8,79,2019-01-22 19:32:00
1149,Shower,Weasle,8,14,2019-01-22 19:32:00
1150,Dining Room,Mule,0,44,2019-01-22 19:32:00
1151,Tree House,Culebra,0,51,2019-01-22 19:32:00
1152,Patio,Dog,8,40,2019-01-22 19:32:00
1153,Patio,Chupacabra,0,23,2019-01-22 19:32:00
1154,Abuelita's Studio,Iguana,0,55,2019-01-22 19:32:00
1155,Coat Room,Chupacabra,8,44,2019-01-22 19:32:00
1156,Closet,Horse,8,1,2019-01-22 19:32:00
1157,Closet,Rana,8,84,2019-01-22 19:32:00
1158,Sauna,Culebra,8,21,2019-01-22 19:32:00
1159,Kitchen,Chupacabra,0,5,2019-01-22 19:32:00
1160,Abuelita's Studio,Horse,8,74,2019-01-22 19:32:00
1161,Closet,Culebra,8,84,2019-01-22 19:32:00
1162,Room,Pig,8,59,2019-01-22 19:32:00
1163,Coat Room,Rana,8,87,2019-01-22 19:32:00
1164,Abuelita's Studio,Iguana,8,99,2019-01-22 19:32:00
1165,Tree House,Iguana,8,12,2019-01-22 19:32:00
1166,Dog House,Horse,8,39,2019-01-22 19:32:00
1167,Closet,Iguana,8,26,2019-01-22 19:32:00
1168,Kitchen,Mariposa,8,58,2019-01-22 19:32:00
1169,Abuelita's Studio,Rana,8,12,2019-01-22 19:32:00
1170,Abuelita's Studio,Aardvark,0,83,2019-01-22 19:32:00
1171,Avery,Tiburon,8,92,2019-01-22 19:32:00
1172,Coat Room,Cat,0,78,2019-01-22 19:32:00
1173,Abuelita's Studio,Rana,8,48,2019-01-22 19:32:00
1174,Dog House,Pig,0,3,2019-01-22 19:32:00
1175,Den,Aardvark,8,93,2019-01-22 19:32:00
1176,Den,Culebra,8,11,2019-01-22 19:32:00
1177,Den,Horse,8,29,2019-01-22 19:32:00
1178,Avery,Culebra,8,24,2019-01-22 19:32:00
1179,Patio,Weasle,8,85,2019-01-22 19:32:00
1180,Closet,Mule,8,71,2019-01-22 19:32:00
1181,Patio,Rana,0,28,2019-01-22 19:32:00
1182,Kitchen,Aardvark,0,35,2019-01-22 19:32:00
1183,Club House,Mariposa,8,18,2019-01-22 19:32:00
1184,Dining Room,Mariposa,0,16,2019-01-22 19:32:00
1185,Abuelita's Studio,Mariposa,0,59,2019-01-22 19:32:00
1186,Abuelita's Studio,Dog,8,10,2019-01-22 19:32:00
1187,Avery,Horse,8,34,2019-01-22 19:32:00
1188,Home Gym,Aardvark,0,54,2019-01-22 19:32:00
1189,Abuelita's Studio,Horse,0,27,2019-01-22 19:32:00
1190,Coat Room,Pig,8,97,2019-01-22 19:32:00
1191,Abuelita's Studio,Mule,0,17,2019-01-22 19:32:00
1192,Kitchen,Dog,8,14,2019-01-22 19:32:00
1193,Coat Room,Dog,0,97,2019-01-22 19:32:00
1194,Dining Room,Tiburon,0,58,2019-01-22 19:32:00
1195,Sauna,Rana,0,49,2019-01-22 19:32:00
1196,Sauna,Chupacabra,8,62,2019-01-22 19:32:00
1197,Closet,Dog,0,64,2019-01-22 19:32:00
1198,Closet,Mule,0,7,2019-01-22 19:32:00
1199,Coat Room,Chupacabra,0,83,2019-01-22 19:32:00
1200,Closet,Mariposa,8,41,2019-01-22 19:53:29
1201,Den,Iguana,8,70,2019-01-22 19:53:29
1202,Shower,Tiburon,0,23,2019-01-22 19:53:29
1203,Shower,Weasle,8,81,2019-01-22 19:53:29
1204,Room,Iguana,8,44,2019-01-22 19:53:29
1205,Coat Room,Chupacabra,8,28,2019-01-22 19:53:29
1206,Avery,Weasle,8,91,2019-01-22 19:53:29
1207,Tree House,Tiburon,8,82,2019-01-22 19:53:29
1208,Abuelita's Studio,Culebra,8,51,2019-01-22 19:53:29
1209,Kitchen,Chupacabra,8,65,2019-01-22 19:53:29
1210,Sauna,Weasle,0,24,2019-01-22 19:53:29
1211,Patio,Tiburon,8,54,2019-01-22 19:53:29
1212,Avery,Rana,8,79,2019-01-22 19:53:29
1213,Room,Mariposa,8,16,2019-01-22 19:53:29
1214,Den,Pig,8,47,2019-01-22 19:53:29
1215,Closet,Pig,8,99,2019-01-22 19:53:29
1216,Den,Mariposa,8,27,2019-01-22 19:53:29
1217,Avery,Culebra,8,28,2019-01-22 19:53:29
1218,Sauna,Chupacabra,8,4,2019-01-22 19:53:29
1219,Closet,Aardvark,8,87,2019-01-22 19:53:29
1220,Club House,Dog,0,29,2019-01-22 19:53:29
1221,Den,Rana,8,13,2019-01-22 19:53:29
1222,Dog House,Tiburon,8,97,2019-01-22 19:53:29
1223,Shower,Mariposa,0,52,2019-01-22 19:53:29
1224,Shower,Chupacabra,8,94,2019-01-22 19:53:29
1225,Tree House,Dog,0,52,2019-01-22 19:53:29
1226,Kitchen,Culebra,0,97,2019-01-22 19:53:29
1227,Den,Aardvark,8,40,2019-01-22 19:53:29
1228,Tree House,Horse,0,51,2019-01-22 19:53:29
1229,Dining Room,Rana,8,38,2019-01-22 19:53:29
1230,Club House,Dog,8,45,2019-01-22 19:53:29
1231,Shower,Weasle,0,97,2019-01-22 19:53:29
1232,Club House,Culebra,0,76,2019-01-22 19:53:29
1233,Den,Mule,8,20,2019-01-22 19:53:29
1234,Den,Tiburon,8,88,2019-01-22 19:53:29
1235,Closet,Cat,0,7,2019-01-22 19:53:29
1236,Room,Chupacabra,0,88,2019-01-22 19:53:29
1237,Dog House,Aardvark,8,30,2019-01-22 19:53:29
1238,Patio,Mule,8,67,2019-01-22 19:53:29
1239,Shower,Iguana,8,74,2019-01-22 19:53:29
1240,Kitchen,Tiburon,8,41,2019-01-22 19:53:29
1241,Abuelita's Studio,Horse,0,99,2019-01-22 19:53:29
1242,Closet,Iguana,8,34,2019-01-22 19:53:29
1243,Avery,Culebra,0,61,2019-01-22 19:53:29
1244,Club House,Cat,0,49,2019-01-22 19:53:29
1245,Closet,Horse,8,63,2019-01-22 19:53:29
1246,Patio,Mule,0,10,2019-01-22 19:53:29
1247,Club House,Rana,8,0,2019-01-22 19:53:29
1248,Dog House,Chupacabra,0,0,2019-01-22 19:53:29
1249,Room,Pig,0,50,2019-01-22 19:53:29
1250,Room,Iguana,0,21,2019-01-22 19:53:29
1251,Kitchen,Dog,0,63,2019-01-22 19:53:29
1252,Club House,Culebra,8,45,2019-01-22 19:53:29
1253,Abuelita's Studio,Cat,8,27,2019-01-22 19:53:29
1254,Coat Room,Pig,8,59,2019-01-22 19:53:29
1255,Dining Room,Cat,8,93,2019-01-22 19:53:29
1256,Sauna,Horse,0,67,2019-01-22 19:53:29
1257,Room,Horse,8,35,2019-01-22 19:53:29
1258,Sauna,Weasle,0,52,2019-01-22 19:53:29
1259,Shower,Cat,0,36,2019-01-22 19:53:29
1260,Shower,Weasle,0,47,2019-01-22 19:53:29
1261,Closet,Aardvark,0,62,2019-01-22 19:53:29
1262,Club House,Dog,8,99,2019-01-22 19:53:29
1263,Patio,Cat,8,45,2019-01-22 19:53:29
1264,Avery,Pig,0,34,2019-01-22 19:53:29
1265,Kitchen,Tiburon,0,65,2019-01-22 19:53:29
1266,Dog House,Pig,0,33,2019-01-22 19:53:29
1267,Room,Weasle,0,66,2019-01-22 19:53:29
1268,Home Gym,Tiburon,8,10,2019-01-22 19:53:29
1269,Closet,Cat,8,86,2019-01-22 19:53:29
1270,Den,Mule,8,84,2019-01-22 19:53:29
1271,Home Gym,Aardvark,8,36,2019-01-22 19:53:29
1272,Home Gym,Chupacabra,8,55,2019-01-22 19:53:29
1273,Den,Pig,0,37,2019-01-22 19:53:29
1274,Avery,Culebra,0,22,2019-01-22 19:53:29
1275,Avery,Rana,8,32,2019-01-22 19:53:29
1276,Abuelita's Studio,Chupacabra,8,8,2019-01-22 19:53:29
1277,Tree House,Aardvark,0,92,2019-01-22 19:53:29
1278,Room,Rana,0,6,2019-01-22 19:53:29
1279,Tree House,Mariposa,0,64,2019-01-22 19:53:29
1280,Closet,Tiburon,8,48,2019-01-22 19:53:29
1281,Avery,Dog,8,50,2019-01-22 19:53:29
1282,Closet,Weasle,8,0,2019-01-22 19:53:29
1283,Kitchen,Weasle,0,15,2019-01-22 19:53:29
1284,Coat Room,Weasle,0,20,2019-01-22 19:53:29
1285,Dining Room,Pig,0,6,2019-01-22 19:53:29
1286,Closet,Aardvark,8,4,2019-01-22 19:53:29
1287,Club House,Dog,0,19,2019-01-22 19:53:29
1288,Coat Room,Tiburon,8,23,2019-01-22 19:53:29
1289,Dog House,Iguana,8,66,2019-01-22 19:53:29
1290,Dining Room,Aardvark,8,94,2019-01-22 19:53:29
1291,Shower,Dog,0,61,2019-01-22 19:53:29
1292,Abuelita's Studio,Chupacabra,8,47,2019-01-22 19:53:29
1293,Room,Weasle,0,70,2019-01-22 19:53:29
1294,Kitchen,Horse,0,56,2019-01-22 19:53:29
1295,Dog House,Horse,0,13,2019-01-22 19:53:29
1296,Patio,Dog,0,96,2019-01-22 19:53:29
1297,Closet,Chupacabra,8,50,2019-01-22 19:53:29
1298,Tree House,Culebra,8,23,2019-01-22 19:53:29
1299,Patio,Tiburon,8,42,2019-01-22 19:53:29
1300,Kitchen,Weasle,8,29,2019-01-22 19:53:29
1301,Home Gym,Tiburon,8,70,2019-01-22 19:53:29
1302,Shower,Chupacabra,0,63,2019-01-22 19:53:29
1303,Shower,Culebra,0,69,2019-01-22 19:53:29
1304,Kitchen,Aardvark,0,72,2019-01-22 19:53:29
1305,Home Gym,Dog,8,86,2019-01-22 19:53:29
1306,Dining Room,Mule,8,22,2019-01-22 19:53:29
1307,Room,Culebra,0,45,2019-01-22 19:53:29
1308,Shower,Pig,8,86,2019-01-22 19:53:29
1309,Sauna,Cat,8,43,2019-01-22 19:53:29
1310,Room,Weasle,8,20,2019-01-22 19:53:29
1311,Coat Room,Tiburon,0,10,2019-01-22 19:53:29
1312,Coat Room,Pig,8,36,2019-01-22 19:53:29
1313,Den,Mule,8,33,2019-01-22 19:53:29
1314,Den,Mule,0,57,2019-01-22 19:53:29
1315,Dog House,Cat,8,70,2019-01-22 19:53:29
1316,Room,Pig,0,37,2019-01-22 19:53:29
1317,Den,Pig,0,90,2019-01-22 19:53:29
1318,Kitchen,Chupacabra,8,73,2019-01-22 19:53:29
1319,Home Gym,Cat,0,30,2019-01-22 19:53:29
1320,Shower,Mariposa,8,13,2019-01-22 19:53:29
1321,Club House,Mule,8,8,2019-01-22 19:53:29
1322,Club House,Dog,8,68,2019-01-22 19:53:29
1323,Coat Room,Dog,0,83,2019-01-22 19:53:29
1324,Room,Aardvark,8,57,2019-01-22 19:53:29
1325,Abuelita's Studio,Culebra,8,25,2019-01-22 19:53:29
1326,Room,Pig,0,23,2019-01-22 19:53:29
1327,Kitchen,Rana,0,8,2019-01-22 19:53:29
1328,Club House,Chupacabra,0,59,2019-01-22 19:53:29
1329,Tree House,Rana,8,34,2019-01-22 19:53:29
1330,Closet,Mule,8,49,2019-01-22 19:53:29
1331,Sauna,Pig,8,15,2019-01-22 19:53:29
1332,Club House,Mariposa,8,69,2019-01-22 19:53:29
1333,Sauna,Pig,0,3,2019-01-22 19:53:29
1334,Patio,Weasle,8,42,2019-01-22 19:53:29
1335,Tree House,Cat,8,40,2019-01-22 19:53:29
1336,Home Gym,Cat,8,71,2019-01-22 19:53:29
1337,Coat Room,Rana,0,88,2019-01-22 19:53:29
1338,Den,Pig,0,56,2019-01-22 19:53:29
1339,Den,Culebra,8,50,2019-01-22 19:53:29
1340,Avery,Chupacabra,8,14,2019-01-22 19:53:29
1341,Home Gym,Rana,8,6,2019-01-22 19:53:29
1342,Sauna,Chupacabra,0,19,2019-01-22 19:53:29
1343,Dining Room,Tiburon,0,94,2019-01-22 19:53:29
1344,Coat Room,Culebra,0,31,2019-01-22 19:53:29
1345,Sauna,Aardvark,8,95,2019-01-22 19:53:29
1346,Sauna,Mariposa,8,98,2019-01-22 19:53:29
1347,Kitchen,Pig,0,76,2019-01-22 19:53:29
1348,Dog House,Mariposa,0,13,2019-01-22 19:53:29
1349,Closet,Cat,0,42,2019-01-22 19:53:29
1350,Patio,Aardvark,0,90,2019-01-22 19:53:29
1351,Sauna,Weasle,0,30,2019-01-22 19:53:29
1352,Tree House,Horse,0,57,2019-01-22 19:53:29
1353,Home Gym,Mule,8,44,2019-01-22 19:53:29
1354,Abuelita's Studio,Iguana,8,14,2019-01-22 19:53:29
1355,Room,Weasle,8,58,2019-01-22 19:53:29
1356,Coat Room,Mule,8,79,2019-01-22 19:53:29
1357,Sauna,Rana,8,30,2019-01-22 19:53:29
1358,Kitchen,Tiburon,0,5,2019-01-22 19:53:29
1359,Coat Room,Chupacabra,0,10,2019-01-22 19:53:29
1360,Coat Room,Dog,8,71,2019-01-22 19:53:29
1361,Sauna,Cat,0,89,2019-01-22 19:53:29
1362,Dog House,Weasle,0,74,2019-01-22 19:53:29
1363,Coat Room,Mariposa,8,17,2019-01-22 19:53:29
1364,Dog House,Mule,8,79,2019-01-22 19:53:29
1365,Home Gym,Iguana,8,57,2019-01-22 19:53:29
1366,Dining Room,Iguana,0,76,2019-01-22 19:53:29
1367,Shower,Tiburon,0,52,2019-01-22 19:53:29
1368,Sauna,Pig,8,0,2019-01-22 19:53:29
1369,Room,Culebra,8,10,2019-01-22 19:53:29
1370,Den,Tiburon,0,84,2019-01-22 19:53:29
1371,Dining Room,Iguana,8,88,2019-01-22 19:53:29
1372,Sauna,Culebra,0,79,2019-01-22 19:53:29
1373,Den,Mule,8,61,2019-01-22 19:53:29
1374,Dog House,Aardvark,0,64,2019-01-22 19:53:29
1375,Dining Room,Mule,8,30,2019-01-22 19:53:29
1376,Avery,Dog,0,35,2019-01-22 19:53:29
1377,Tree House,Culebra,0,0,2019-01-22 19:53:29
1378,Coat Room,Iguana,0,16,2019-01-22 19:53:29
1379,Coat Room,Mule,0,77,2019-01-22 19:53:29
1380,Dog House,Culebra,0,89,2019-01-22 19:53:29
1381,Patio,Pig,8,13,2019-01-22 19:53:29
1382,Abuelita's Studio,Rana,0,1,2019-01-22 19:53:29
1383,Home Gym,Dog,0,0,2019-01-22 19:53:29
1384,Sauna,Aardvark,0,77,2019-01-22 19:53:29
1385,Shower,Dog,8,72,2019-01-22 19:53:29
1386,Patio,Dog,8,76,2019-01-22 19:53:29
1387,Sauna,Cat,0,24,2019-01-22 19:53:29
1388,Closet,Rana,8,33,2019-01-22 19:53:29
1389,Kitchen,Culebra,0,80,2019-01-22 19:53:29
1390,Shower,Tiburon,8,57,2019-01-22 19:53:29
1391,Avery,Aardvark,8,85,2019-01-22 19:53:29
1392,Closet,Cat,0,43,2019-01-22 19:53:29
1393,Home Gym,Rana,0,6,2019-01-22 19:53:29
1394,Dining Room,Aardvark,0,4,2019-01-22 19:53:29
1395,Room,Weasle,0,64,2019-01-22 19:53:29
1396,Avery,Dog,8,40,2019-01-22 19:53:29
1397,Den,Mariposa,0,21,2019-01-22 19:53:29
1398,Shower,Mariposa,8,38,2019-01-22 19:53:29
1399,Dog House,Pig,8,75,2019-01-22 19:53:29
1400,Dog House,Weasle,0,51,2019-01-22 19:53:29
1401,Home Gym,Weasle,0,54,2019-01-22 19:53:29
1402,Den,Pig,8,51,2019-01-22 19:53:29
1403,Coat Room,Chupacabra,0,95,2019-01-22 19:53:29
1404,Avery,Horse,0,98,2019-01-22 19:53:29
1405,Coat Room,Rana,0,64,2019-01-22 19:53:29
1406,Room,Iguana,0,70,2019-01-22 19:53:29
1407,Avery,Tiburon,8,0,2019-01-22 19:53:29
1408,Den,Tiburon,8,93,2019-01-22 19:53:29
1409,Sauna,Chupacabra,8,87,2019-01-22 19:53:29
1410,Room,Pig,0,26,2019-01-22 19:53:29
1411,Tree House,Tiburon,0,41,2019-01-22 19:53:29
1412,Dining Room,Mariposa,8,7,2019-01-22 19:53:29
1413,Sauna,Weasle,8,45,2019-01-22 19:53:29
1414,Room,Culebra,8,49,2019-01-22 19:53:29
1415,Kitchen,Iguana,0,74,2019-01-22 19:53:29
1416,Club House,Mariposa,8,35,2019-01-22 19:53:29
1417,Dog House,Dog,0,61,2019-01-22 19:53:29
1418,Tree House,Iguana,8,72,2019-01-22 19:53:29
1419,Den,Tiburon,8,1,2019-01-22 19:53:29
1420,Home Gym,Weasle,8,79,2019-01-22 19:53:29
1421,Shower,Mule,0,99,2019-01-22 19:53:29
1422,Abuelita's Studio,Dog,8,27,2019-01-22 19:53:29
1423,Patio,Rana,8,1,2019-01-22 19:53:29
1424,Tree House,Rana,8,35,2019-01-22 19:53:29
1425,Abuelita's Studio,Tiburon,0,24,2019-01-22 19:53:29
1426,Avery,Iguana,0,8,2019-01-22 19:53:29
1427,Home Gym,Culebra,0,22,2019-01-22 19:53:29
1428,Kitchen,Dog,0,46,2019-01-22 19:53:29
1429,Dining Room,Weasle,0,37,2019-01-22 19:53:29
1430,Shower,Rana,8,88,2019-01-22 19:53:29
1431,Avery,Chupacabra,0,86,2019-01-22 19:53:29
1432,Home Gym,Chupacabra,0,43,2019-01-22 19:53:29
1433,Closet,Aardvark,0,13,2019-01-22 19:53:29
1434,Dining Room,Mule,8,82,2019-01-22 19:53:29
1435,Home Gym,Horse,0,66,2019-01-22 19:53:29
1436,Abuelita's Studio,Iguana,0,87,2019-01-22 19:53:29
1437,Room,Iguana,0,31,2019-01-22 19:53:29
1438,Abuelita's Studio,Aardvark,8,31,2019-01-22 19:53:29
1439,Sauna,Tiburon,8,20,2019-01-22 19:53:29
1440,Dining Room,Cat,0,44,2019-01-22 19:53:29
1441,Tree House,Rana,8,37,2019-01-22 19:53:29
1442,Home Gym,Weasle,0,88,2019-01-22 19:53:29
1443,Shower,Culebra,0,26,2019-01-22 19:53:29
1444,Dog House,Horse,0,3,2019-01-22 19:53:29
1445,Dog House,Rana,8,1,2019-01-22 19:53:29
1446,Avery,Cat,0,75,2019-01-22 19:53:29
1447,Avery,Rana,8,14,2019-01-22 19:53:29
1448,Avery,Dog,8,45,2019-01-22 19:53:29
1449,Room,Culebra,0,0,2019-01-22 19:53:29
1450,Room,Cat,8,6,2019-01-22 19:53:29
1451,Shower,Mariposa,0,59,2019-01-22 19:53:29
1452,Avery,Iguana,0,25,2019-01-22 19:53:29
1453,Tree House,Dog,8,1,2019-01-22 19:53:29
1454,Tree House,Weasle,8,30,2019-01-22 19:53:29
1455,Closet,Aardvark,0,73,2019-01-22 19:53:29
1456,Coat Room,Cat,0,41,2019-01-22 19:53:29
1457,Den,Mule,0,51,2019-01-22 19:53:29
1458,Sauna,Cat,0,45,2019-01-22 19:53:29
1459,Abuelita's Studio,Mariposa,8,7,2019-01-22 19:53:29
1460,Sauna,Culebra,0,69,2019-01-22 19:53:29
1461,Home Gym,Iguana,8,75,2019-01-22 19:53:29
1462,Closet,Weasle,0,36,2019-01-22 19:53:29
1463,Home Gym,Dog,8,44,2019-01-22 19:53:29
1464,Avery,Horse,8,89,2019-01-22 19:53:29
1465,Closet,Culebra,8,5,2019-01-22 19:53:29
1466,Patio,Aardvark,8,37,2019-01-22 19:53:29
1467,Coat Room,Culebra,8,78,2019-01-22 19:53:29
1468,Room,Cat,8,97,2019-01-22 19:53:29
1469,Kitchen,Tiburon,8,9,2019-01-22 19:53:29
1470,Dog House,Tiburon,8,86,2019-01-22 19:53:29
1471,Sauna,Dog,8,81,2019-01-22 19:53:29
1472,Patio,Pig,8,28,2019-01-22 19:53:29
1473,Tree House,Dog,8,8,2019-01-22 19:53:29
1474,Abuelita's Studio,Pig,0,48,2019-01-22 19:53:29
1475,Coat Room,Mariposa,8,29,2019-01-22 19:53:29
1476,Abuelita's Studio,Rana,8,33,2019-01-22 19:53:29
1477,Dog House,Cat,8,5,2019-01-22 19:53:29
1478,Abuelita's Studio,Mariposa,8,48,2019-01-22 19:53:29
1479,Shower,Pig,0,66,2019-01-22 19:53:29
1480,Tree House,Rana,8,4,2019-01-22 19:53:29
1481,Abuelita's Studio,Dog,8,33,2019-01-22 19:53:29
1482,Tree House,Iguana,0,88,2019-01-22 19:53:29
1483,Kitchen,Mule,8,88,2019-01-22 19:53:29
1484,Den,Aardvark,0,51,2019-01-22 19:53:29
1485,Closet,Mariposa,0,46,2019-01-22 19:53:29
1486,Dog House,Rana,8,98,2019-01-22 19:53:29
1487,Club House,Tiburon,8,56,2019-01-22 19:53:29
1488,Shower,Culebra,0,94,2019-01-22 19:53:29
1489,Patio,Tiburon,0,43,2019-01-22 19:53:29
1490,Room,Aardvark,0,45,2019-01-22 19:53:29
1491,Abuelita's Studio,Pig,8,70,2019-01-22 19:53:29
1492,Home Gym,Pig,8,22,2019-01-22 19:53:29
1493,Club House,Pig,0,89,2019-01-22 19:53:29
1494,Tree House,Mule,8,92,2019-01-22 19:53:29
1495,Closet,Mariposa,8,0,2019-01-22 19:53:29
1496,Home Gym,Mariposa,0,24,2019-01-22 19:53:29
1497,Patio,Horse,8,58,2019-01-22 19:53:29
1498,Room,Pig,0,94,2019-01-22 19:53:29
1499,Coat Room,Culebra,0,82,2019-01-22 19:53:29
